f_name,pic_url,rate,comm,url,address,b_time,geo_loc
日見森嵐,https://lh3.googleusercontent.com/p/AF1QipMrPce9uYdn1Ei3GR-fPLi2vj4JenZtNbTd1WdJ=w122-h92-k-no,4.7,"7,313",https://www.google.com.tw/maps/place/%E6%97%A5%E8%A6%8B%E6%A3%AE%E5%B5%90/data=!4m7!3m6!1s0x346841636c7d0b43:0x6e2e3bf2dff10966!8m2!3d24.7299384!4d121.222711!16s%2Fg%2F11spzlxl1n!19sChIJQwt9bGNBaDQRZgnx3_I7Lm4?authuser=0&hl=zh-TW&rclk=1,31342新竹縣尖石鄉嘉樂村7鄰 45號,星期四、11:00 到 19:30; 星期五、11:00 到 19:30; 星期六、11:00 到 19:30; 星期日、11:00 到 19:30; 星期一、11:00 到 19:30; 星期二、11:00 到 19:30; 星期三、11:00 到 19:30. 隱藏本週營業時間,"24.7299384,121.222711"
日遲DIDcoffee(內用請輕聲。假日開放線上訂位）,https://lh3.googleusercontent.com/p/AF1QipOm-SYebkIvnlc6_JQO_diculo5q3-5160OhuME=w80-h106-k-no,4.3,816,https://www.google.com.tw/maps/place/%E6%97%A5%E9%81%B2DIDcoffee%28%E5%85%A7%E7%94%A8%E8%AB%8B%E8%BC%95%E8%81%B2%E3%80%82%E5%81%87%E6%97%A5%E9%96%8B%E6%94%BE%E7%B7%9A%E4%B8%8A%E8%A8%82%E4%BD%8D%EF%BC%89/data=!4m7!3m6!1s0x346837d960e8c7d7:0x6c818d5ccb9dbce9!8m2!3d24.812614!4d121.0308089!16s%2Fg%2F11r9h287qy!19sChIJ18foYNk3aDQR6bydy1yNgWw?authuser=0&hl=zh-TW&rclk=1,302新竹縣竹北市嘉豐六路一段62號,星期四、10:00 到 18:00; 星期五、10:00 到 18:00; 星期六、10:00 到 18:00; 星期日、10:00 到 18:00; 星期一、10:00 到 18:00; 星期二、10:00 到 18:00; 星期三、10:00 到 18:00. 隱藏本週營業時間,"24.812614,121.0308089"
some in café (商隱咖啡）,https://lh3.googleusercontent.com/p/AF1QipPIVZihzKLA2faQTSXc6Y3AL5eZA86TQfrAc6Dh=w80-h106-k-no,5.0,93,https://www.google.com.tw/maps/place/some+in+caf%C3%A9+%28%E5%95%86%E9%9A%B1%E5%92%96%E5%95%A1%EF%BC%89/data=!4m7!3m6!1s0x3468376652db93e9:0x14f8400a4481488f!8m2!3d24.8310553!4d121.0232177!16s%2Fg%2F11tgfldc0x!19sChIJ6ZPbUmY3aDQRj0iBRApA-BQ?authuser=0&hl=zh-TW&rclk=1,302新竹縣竹北市十興路305巷13弄81號,星期四、10:00 到 18:00; 星期五、10:00 到 18:00; 星期六、10:00 到 18:00; 星期日、10:00 到 18:00; 星期一、10:00 到 18:00; 星期二、10:00 到 18:00; 星期三、10:00 到 18:00. 隱藏本週營業時間,"24.8310553,121.0232177"
Z cafe,https://lh3.googleusercontent.com/p/AF1QipNOc8BOkIaNxAqUx7Efx7Lcgr04gRuHYHWjanPq=w122-h92-k-no,4.2,811,https://www.google.com.tw/maps/place/Z+cafe/data=!4m7!3m6!1s0x34684035b4e2d49b:0xf5c2b77c11cfca1!8m2!3d24.679912!4d121.242889!16s%2Fg%2F11b7tw0xlm!19sChIJm9TitDVAaDQRofwcwXcrXA8?authuser=0&hl=zh-TW&rclk=1,313新竹縣尖石鄉錦屏村8鄰那羅42-1號,星期四、11:00 到 18:00; 星期五、11:00 到 18:00; 星期六、11:00 到 18:00; 星期日、11:00 到 18:00; 星期一、11:00 到 18:00; 星期二、休息; 星期三、休息. 隱藏本週營業時間,"24.679912,121.242889"
厚食聚落 以及其他共15棟獨立建物不同營運內容，和戶外寬闊空間。,https://lh3.googleusercontent.com/p/AF1QipPXoU0A7goyfwsC6QtJ4c02ZNeitf710lWDoAf3=w80-h106-k-no,4.0,"1,201",https://www.google.com.tw/maps/place/%E5%8E%9A%E9%A3%9F%E8%81%9A%E8%90%BD+%E4%BB%A5%E5%8F%8A%E5%85%B6%E4%BB%96%E5%85%B115%E6%A3%9F%E7%8D%A8%E7%AB%8B%E5%BB%BA%E7%89%A9%E4%B8%8D%E5%90%8C%E7%87%9F%E9%81%8B%E5%85%A7%E5%AE%B9%EF%BC%8C%E5%92%8C%E6%88%B6%E5%A4%96%E5%AF%AC%E9%97%8A%E7%A9%BA%E9%96%93%E3%80%82/data=!4m7!3m6!1s0x346836fdbab94b71:0x8fc8c5bab863842a!8m2!3d24.794641!4d121.0027557!16s%2Fg%2F11c1q9fzgw!19sChIJcUu5uv02aDQRKoRjuLrFyI8?authuser=0&hl=zh-TW&rclk=1,,,"24.794641,121.0027557"
Triangle coffee Roasters 三角咖啡館,https://lh3.googleusercontent.com/p/AF1QipNoe2HShavluJf0UQahMvfszaBtWgbaZ1ZFyUAp=w121-h92-k-no,4.3,586,https://www.google.com.tw/maps/place/Triangle+coffee+Roasters+%E4%B8%89%E8%A7%92%E5%92%96%E5%95%A1%E9%A4%A8/data=!4m7!3m6!1s0x346836e6e91baf5b:0x7d11d731c29e8a5f!8m2!3d24.8294946!4d121.0264991!16s%2Fg%2F11f_kn3djf!19sChIJW68b6eY2aDQRX4qewjHXEX0?authuser=0&hl=zh-TW&rclk=1,302新竹縣竹北市莊敬北路286號,星期四、11:30 到 18:00; 星期五、10:30 到 18:00; 星期六、10:30 到 18:00; 星期日、10:30 到 18:00; 星期一、休息; 星期二、11:30 到 18:00; 星期三、10:30 到 18:00. 隱藏本週營業時間,"24.8294946,121.0264991"
Basement cafe hsinchu,https://lh3.googleusercontent.com/p/AF1QipNesuep4DEqDt__Vn9FXUK8vrLiIaJniBAvUg58=w122-h92-k-no,4.4,305,https://www.google.com.tw/maps/place/Basement+cafe+hsinchu/data=!4m7!3m6!1s0x34683519657a8527:0xb7b169ebdf840aeb!8m2!3d24.8272288!4d120.9665539!16s%2Fg%2F11n08w90_w!19sChIJJ4V6ZRk1aDQR6wqE3-tpsbc?authuser=0&hl=zh-TW&rclk=1,300新竹市北區公道五路四段513號,星期四、10:00 到 18:00; 星期五、10:00 到 18:00; 星期六、10:00 到 18:00; 星期日、10:00 到 18:00; 星期一、休息; 星期二、休息; 星期三、10:00 到 18:00. 隱藏本週營業時間,"24.8272288,120.9665539"
樹瓅咖啡 St. Tree Cafe,https://lh3.googleusercontent.com/p/AF1QipNIQ-ZewSJydRjxsFfs-RCRV4ttPARBhWX9Jzio=w122-h92-k-no,4.8,248,https://www.google.com.tw/maps/place/%E6%A8%B9%E7%93%85%E5%92%96%E5%95%A1+St.+Tree+Cafe/data=!4m7!3m6!1s0x346837a6791ce43d:0xc18b065c03f75119!8m2!3d24.8017532!4d121.0353927!16s%2Fg%2F11k3lzxq51!19sChIJPeQceaY3aDQRGVH3A1wGi8E?authuser=0&hl=zh-TW&rclk=1,302新竹縣竹北市隘口三街22號,星期四、10:00 到 18:00; 星期五、10:00 到 18:00; 星期六、09:00 到 18:00; 星期日、09:00 到 18:00; 星期一、10:00 到 18:00; 星期二、10:00 到 18:00; 星期三、10:00 到 18:00. 隱藏本週營業時間,"24.8017532,121.0353927"
喜木咖啡,https://lh3.googleusercontent.com/p/AF1QipOt5SXvnKPqL5UpKnvMjw7k58K6tn8kuaBMqg-f=w122-h92-k-no,4.0,946,https://www.google.com.tw/maps/place/%E5%96%9C%E6%9C%A8%E5%92%96%E5%95%A1/data=!4m7!3m6!1s0x3468340bbe6aa3e1:0xf1d2ed5b32033538!8m2!3d24.8610878!4d120.9737366!16s%2Fg%2F1td4xllv!19sChIJ4aNqvgs0aDQRODUDMlvt0vE?authuser=0&hl=zh-TW&rclk=1,302新竹縣竹北市鳳岡路二段422號,星期四、11:30 到 18:00; 星期五、11:30 到 18:00; 星期六、11:30 到 18:00; 星期日、11:30 到 18:00; 星期一、休息; 星期二、休息; 星期三、休息. 隱藏本週營業時間,"24.8610878,120.9737366"
Jin Coffee,https://lh3.googleusercontent.com/p/AF1QipMhfkYAx7LhBwq4eBgqkLjn8Hh0aWCcab50kKaL=w122-h92-k-no,4.9,289,https://www.google.com.tw/maps/place/Jin+Coffee/data=!4m7!3m6!1s0x346836e9d727a02b:0x82bd99b50ea18dc2!8m2!3d24.8338798!4d121.0185856!16s%2Fg%2F11c5hjmvzj!19sChIJK6An1-k2aDQRwo2hDrWZvYI?authuser=0&hl=zh-TW&rclk=1,302新竹縣竹北市文采街133號,星期四、10:00 到 18:00; 星期五、10:00 到 18:00; 星期六、10:00 到 18:00; 星期日、10:00 到 18:00; 星期一、休息; 星期二、休息; 星期三、10:00 到 18:00. 隱藏本週營業時間,"24.8338798,121.0185856"
提燈咖啡Lightupcafe | 早午餐咖啡廳,https://lh3.googleusercontent.com/p/AF1QipMzzBwGrStNQ7ZGsG9Kw2_OKVPSgLmEkebscgY2=w80-h106-k-no,4.7,153,https://www.google.com.tw/maps/place/%E6%8F%90%E7%87%88%E5%92%96%E5%95%A1Lightupcafe+%7C+%E6%97%A9%E5%8D%88%E9%A4%90%E5%92%96%E5%95%A1%E5%BB%B3/data=!4m7!3m6!1s0x34683749d9a07265:0x86089fdd4fd19d54!8m2!3d24.8134258!4d121.0329786!16s%2Fg%2F11jz1d29rw!19sChIJZXKg2Uk3aDQRVJ3RT92fCIY?authuser=0&hl=zh-TW&rclk=1,30264新竹縣竹北市復興一街169號,星期四、09:00 到 17:00; 星期五、09:00 到 17:00; 星期六、09:00 到 17:00; 星期日、09:00 到 17:00; 星期一、休息; 星期二、09:00 到 17:00; 星期三、09:00 到 17:00. 隱藏本週營業時間,"24.8134258,121.0329786"
有田咖啡 Youtian Cafe,https://lh3.googleusercontent.com/p/AF1QipMi864BgTYMMmcZPe2wU1rmXhPDIPiHVa9Flegm=w122-h92-k-no,4.6,"1,068",https://www.google.com.tw/maps/place/%E6%9C%89%E7%94%B0%E5%92%96%E5%95%A1+Youtian+Cafe/data=!4m7!3m6!1s0x346837ef7bc0b96d:0x9555adfa8882c5e3!8m2!3d24.803023!4d121.0486342!16s%2Fg%2F11jlr3p1y8!19sChIJbbnAe-83aDQR48WCiPqtVZU?authuser=0&hl=zh-TW&rclk=1,302新竹縣竹北市東興路二段2巷82號,星期四、11:00 到 19:00; 星期五、11:00 到 19:00; 星期六、11:00 到 19:00; 星期日、11:00 到 19:00; 星期一、11:00 到 19:00; 星期二、11:00 到 19:00; 星期三、11:00 到 19:00. 隱藏本週營業時間,"24.803023,121.0486342"
上山喝咖啡,https://lh3.googleusercontent.com/p/AF1QipNhagYTFh-OjS4JjgM2R9ki-PeZr3yH5M4zJSEV=w122-h92-k-no,4.2,818,https://www.google.com.tw/maps/place/%E4%B8%8A%E5%B1%B1%E5%96%9D%E5%92%96%E5%95%A1/data=!4m7!3m6!1s0x3468479202c86355:0x76cf7dd18cb8e1ff!8m2!3d24.6827424!4d121.1375315!16s%2Fg%2F11r98bw29f!19sChIJVWPIApJHaDQR_-G4jNF9z3Y?authuser=0&hl=zh-TW&rclk=1,312新竹縣橫山鄉1-20號,星期四、09:00 到 17:00; 星期五、09:00 到 17:00; 星期六、08:00 到 17:00; 星期日、08:00 到 17:00; 星期一、09:00 到 17:00; 星期二、休息; 星期三、休息. 隱藏本週營業時間,"24.6827424,121.1375315"
J6覓境咖啡,https://lh3.googleusercontent.com/p/AF1QipOO6OHuSbfBbIs1Gnu2LN_jICFIlD_TyASA-R1w=w122-h92-k-no,4.5,405,https://www.google.com.tw/maps/place/J6%E8%A6%93%E5%A2%83%E5%92%96%E5%95%A1/data=!4m7!3m6!1s0x346837d2b4857e35:0x2edfd2b2e452b635!8m2!3d24.8097155!4d121.0562001!16s%2Fg%2F11s5dlf7ll!19sChIJNX6FtNI3aDQRNbZS5LLS3y4?authuser=0&hl=zh-TW&rclk=1,307新竹縣芎林鄉七鄰81號,星期四、10:00 到 18:00; 星期五、10:00 到 18:00; 星期六、09:00 到 18:00; 星期日、09:00 到 18:00; 星期一、休息; 星期二、10:00 到 18:00; 星期三、10:00 到 18:00. 隱藏本週營業時間,"24.8097155,121.0562001"
二街咖啡 2nd st. cafe ｜整模蛋糕｜下午茶餐盒,https://lh3.googleusercontent.com/p/AF1QipO3ZQZrOp31Me80QIuLWY-fGUHWu1KELolQeqTE=w122-h92-k-no,4.4,"1,342",https://www.google.com.tw/maps/place/%E4%BA%8C%E8%A1%97%E5%92%96%E5%95%A1+2nd+st.+cafe+%EF%BD%9C%E6%95%B4%E6%A8%A1%E8%9B%8B%E7%B3%95%EF%BD%9C%E4%B8%8B%E5%8D%88%E8%8C%B6%E9%A4%90%E7%9B%92/data=!4m7!3m6!1s0x346836541d38b073:0x6bd930d2224984ae!8m2!3d24.8062099!4d121.0278713!16s%2Fg%2F11cky44mq6!19sChIJc7A4HVQ2aDQRroRJItIw2Ws?authuser=0&hl=zh-TW&rclk=1,302新竹縣竹北市嘉政二街118號,星期四、10:30 到 18:30; 星期五、10:30 到 18:30; 星期六、10:30 到 18:30; 星期日、10:30 到 18:30; 星期一、10:30 到 18:30; 星期二、10:30 到 18:30; 星期三、10:30 到 18:30. 隱藏本週營業時間,"24.8062099,121.0278713"
B . COFFEE dax,https://lh3.googleusercontent.com/p/AF1QipMq-NSRMrUgkD1mSXBHtOQe14JC-YoNgE_eNb5h=w122-h92-k-no,4.5,164,https://www.google.com.tw/maps/place/B+.+COFFEE+dax/data=!4m7!3m6!1s0x3468377a07392b4b:0x4adc266ad5404aed!8m2!3d24.8404421!4d121.00239!16s%2Fg%2F11q1g8py6v!19sChIJSys5B3o3aDQR7UpA1Wom3Eo?authuser=0&hl=zh-TW&rclk=1,302新竹縣竹北市華興街142巷5號,星期四、10:30 到 19:00; 星期五、10:30 到 19:00; 星期六、10:30 到 19:00; 星期日、10:30 到 19:00; 星期一、10:30 到 19:00; 星期二、休息; 星期三、10:30 到 19:00. 隱藏本週營業時間,"24.8404421,121.00239"
藍氣球咖啡,https://lh3.googleusercontent.com/p/AF1QipOs9b8ONHvKMOMt_CHfA4d0phxtu6vMVvR2EvWm=w80-h106-k-no,4.9,"2,981",https://www.google.com.tw/maps/place/%E8%97%8D%E6%B0%A3%E7%90%83%E5%92%96%E5%95%A1/data=!4m7!3m6!1s0x346836932ddf5187:0xc3b94ea02cd383ad!8m2!3d24.8287641!4d121.010143!16s%2Fg%2F11byx88bs2!19sChIJh1HfLZM2aDQRrYPTLKBOucM?authuser=0&hl=zh-TW&rclk=1,302新竹縣竹北市光明五街320號,星期四、11:00 到 18:30; 星期五、11:00 到 18:30; 星期六、11:00 到 18:30; 星期日、休息; 星期一、11:00 到 18:30; 星期二、11:00 到 18:30; 星期三、11:00 到 18:30. 隱藏本週營業時間,"24.8287641,121.010143"
COCA COFFEE 渴口手沖咖啡 外帶吧,https://lh3.googleusercontent.com/p/AF1QipMbJYbXbttcOIqlSvd-DAJGvCCPXCZD3A7e9izy=w122-h92-k-no,4.6,536,https://www.google.com.tw/maps/place/COCA+COFFEE+%E6%B8%B4%E5%8F%A3%E6%89%8B%E6%B2%96%E5%92%96%E5%95%A1+%E5%A4%96%E5%B8%B6%E5%90%A7/data=!4m7!3m6!1s0x346837ad4b5089eb:0x82bcf7c65ce69fde!8m2!3d24.8054427!4d121.0413303!16s%2Fg%2F11ghv5sd1k!19sChIJ64lQS603aDQR3p_mXMb3vII?authuser=0&hl=zh-TW&rclk=1,30264新竹縣竹北市文興路二段300號旁空地,星期四、07:30 到 18:00; 星期五、08:00 到 19:00; 星期六、08:00 到 19:00; 星期日、08:00 到 19:00; 星期一、07:30 到 18:00; 星期二、07:30 到 18:00; 星期三、休息. 隱藏本週營業時間,"24.8054427,121.0413303"
啡嚐不可咖啡館 (無預約；同組客人上限5位；不併桌、拆桌),https://lh3.googleusercontent.com/p/AF1QipNQaUXs6-z5bRrc0oWcgu0htOjNWUeiFKE3uQr7=w80-h106-k-no,4.9,177,https://www.google.com.tw/maps/place/%E5%95%A1%E5%9A%90%E4%B8%8D%E5%8F%AF%E5%92%96%E5%95%A1%E9%A4%A8+%28%E7%84%A1%E9%A0%90%E7%B4%84%EF%BC%9B%E5%90%8C%E7%B5%84%E5%AE%A2%E4%BA%BA%E4%B8%8A%E9%99%905%E4%BD%8D%EF%BC%9B%E4%B8%8D%E4%BD%B5%E6%A1%8C%E3%80%81%E6%8B%86%E6%A1%8C%29/data=!4m7!3m6!1s0x34683734e15f9e8f:0xba6fda8ea3b3688b!8m2!3d24.8335113!4d121.0245056!16s%2Fg%2F11lgqgw79b!19sChIJj55f4TQ3aDQRi2izo47ab7o?authuser=0&hl=zh-TW&rclk=1,302新竹縣竹北市北新一街26號1樓,星期四、12:00 到 20:00; 星期五、12:00 到 20:00; 星期六、12:00 到 20:00; 星期日、12:00 到 20:00; 星期一、12:00 到 20:00; 星期二、休息; 星期三、12:00 到 20:00. 隱藏本週營業時間,"24.8335113,121.0245056"
墨咖啡 INK COFFEE,https://lh3.googleusercontent.com/p/AF1QipMPV08VggtprUGisEpwtjWLN9h6TNE3xlAQkDfR=w138-h92-k-no,4.6,"2,524",https://www.google.com.tw/maps/place/%E5%A2%A8%E5%92%96%E5%95%A1+INK+COFFEE/data=!4m7!3m6!1s0x34683594addad9dd:0xc3c5505321b1caf5!8m2!3d24.799274!4d120.9643338!16s%2Fg%2F11b7twzz9c!19sChIJ3dnarZQ1aDQR9cqxIVNQxcM?authuser=0&hl=zh-TW&rclk=1,300新竹市東區林森路180號,星期四、12:00 到 22:00; 星期五、12:00 到 22:00; 星期六、12:00 到 22:00; 星期日、12:00 到 22:00; 星期一、12:00 到 22:00; 星期二、12:00 到 22:00; 星期三、12:00 到 22:00. 隱藏本週營業時間,"24.799274,120.9643338"
日出咖啡sunrise cafe,https://lh3.googleusercontent.com/p/AF1QipN_e8geyZ8kB1JOmwn6Xma0jOpkYz2R8VlfjVcm=w122-h92-k-no,4.7,238,https://www.google.com.tw/maps/place/%E6%97%A5%E5%87%BA%E5%92%96%E5%95%A1sunrise+cafe/data=!4m7!3m6!1s0x346837dbbfe307fb:0x9d942231dc4bd3f1!8m2!3d24.7948372!4d121.0031582!16s%2Fg%2F11s8xbh_c_!19sChIJ-wfjv9s3aDQR8dNL3DEilJ0?authuser=0&hl=zh-TW&rclk=1,300新竹市東區金城二路4號,星期四、10:00 到 18:00; 星期五、10:00 到 18:00; 星期六、10:00 到 18:00; 星期日、10:00 到 18:00; 星期一、休息; 星期二、10:00 到 18:00; 星期三、10:00 到 18:00. 隱藏本週營業時間,"24.7948372,121.0031582"
那家咖啡館｜手沖冰滴販売,https://lh3.googleusercontent.com/p/AF1QipPbE0sOqXutuhOY917su35syM0AarxaNlK5mfJu=w122-h92-k-no,4.8,"2,720",https://www.google.com.tw/maps/place/%E9%82%A3%E5%AE%B6%E5%92%96%E5%95%A1%E9%A4%A8%EF%BD%9C%E6%89%8B%E6%B2%96%E5%86%B0%E6%BB%B4%E8%B2%A9%E5%A3%B2/data=!4m7!3m6!1s0x3468355acbc5f393:0xc49a4436ad3b9531!8m2!3d24.8047629!4d120.9632794!16s%2Fg%2F11gm9fr_z4!19sChIJk_PFy1o1aDQRMZU7rTZEmsQ?authuser=0&hl=zh-TW&rclk=1,300新竹市北區西大路465號,星期四、09:00 到 01:00; 星期五、09:00 到 01:00; 星期六、09:00 到 01:00; 星期日、09:00 到 01:00; 星期一、09:00 到 01:00; 星期二、09:00 到 01:00; 星期三、09:00 到 01:00. 隱藏本週營業時間,"24.8047629,120.9632794"
墨咖啡 INK COFFEE,https://lh3.googleusercontent.com/p/AF1QipMPV08VggtprUGisEpwtjWLN9h6TNE3xlAQkDfR=w138-h92-k-no,4.6,"2,524",https://www.google.com.tw/maps/place/%E5%A2%A8%E5%92%96%E5%95%A1+INK+COFFEE/data=!4m7!3m6!1s0x34683594addad9dd:0xc3c5505321b1caf5!8m2!3d24.799274!4d120.9643338!16s%2Fg%2F11b7twzz9c!19sChIJ3dnarZQ1aDQR9cqxIVNQxcM?authuser=0&hl=zh-TW&rclk=1,300新竹市東區林森路180號,星期四、12:00 到 22:00; 星期五、12:00 到 22:00; 星期六、12:00 到 22:00; 星期日、12:00 到 22:00; 星期一、12:00 到 22:00; 星期二、12:00 到 22:00; 星期三、12:00 到 22:00. 隱藏本週營業時間,"24.799274,120.9643338"
Shmily Coffee Roasters｜興利咖啡,https://lh3.googleusercontent.com/p/AF1QipMGLe6QkzHBHlGwHyH4xu42AfEjKJJmvOT-EixE=w122-h92-k-no,4.9,361,https://www.google.com.tw/maps/place/Shmily+Coffee+Roasters%EF%BD%9C%E8%88%88%E5%88%A9%E5%92%96%E5%95%A1/data=!4m7!3m6!1s0x346837070a189dd1:0x3625f257db87c63f!8m2!3d24.8091723!4d121.0262117!16s%2Fg%2F11fhln7wk1!19sChIJ0Z0YCgc3aDQRP8aH21fyJTY?authuser=0&hl=zh-TW&rclk=1,302新竹縣竹北市六家五路一段147號,星期四、10:00 到 20:00; 星期五、10:00 到 20:00; 星期六、10:00 到 20:00; 星期日、10:00 到 20:00; 星期一、休息; 星期二、10:00 到 20:00; 星期三、10:00 到 20:00. 隱藏本週營業時間,"24.8091723,121.0262117"
Linger131．滯在咖啡所｜入所務必降低音量｜無訂位,https://lh3.googleusercontent.com/p/AF1QipPCBkgVBlxjkKm5yTkHaFeXiL_-4mhNlr07Zinv=w122-h92-k-no,4.6,456,https://www.google.com.tw/maps/place/Linger131%EF%BC%8E%E6%BB%AF%E5%9C%A8%E5%92%96%E5%95%A1%E6%89%80%EF%BD%9C%E5%85%A5%E6%89%80%E5%8B%99%E5%BF%85%E9%99%8D%E4%BD%8E%E9%9F%B3%E9%87%8F%EF%BD%9C%E7%84%A1%E8%A8%82%E4%BD%8D/data=!4m7!3m6!1s0x34683776f31f9d5f:0xc93b85adf4f42466!8m2!3d24.8081753!4d121.0310792!16s%2Fg%2F11fst5k0b8!19sChIJX50f83Y3aDQRZiT09K2FO8k?authuser=0&hl=zh-TW&rclk=1,302新竹縣竹北市六家一路一段233號,星期四、10:00 到 18:00; 星期五、10:00 到 18:00; 星期六、10:00 到 18:00; 星期日、10:00 到 18:00; 星期一、10:00 到 18:00; 星期二、休息; 星期三、休息. 隱藏本週營業時間,"24.8081753,121.0310792"
sumdao café,https://lh3.googleusercontent.com/p/AF1QipMtNrTUaTM7b7KMy-_hqJMQ6lt6p18_zADrVfoG=w80-h106-k-no,4.4,448,https://www.google.com.tw/maps/place/sumdao+caf%C3%A9/data=!4m7!3m6!1s0x3468370e0736dc53:0xe96a29c422190632!8m2!3d24.821943!4d121.0081774!16s%2Fg%2F11qn12dmrg!19sChIJU9w2Bw43aDQRMgYZIsQpauk?authuser=0&hl=zh-TW&rclk=1,302新竹縣竹北市科大一路36號,星期四、08:00 到 18:00; 星期五、08:00 到 18:00; 星期六、08:00 到 18:00; 星期日、08:00 到 18:00; 星期一、08:00 到 18:00; 星期二、08:00 到 18:00; 星期三、08:00 到 18:00. 隱藏本週營業時間,"24.821943,121.0081774"
Ramble Cafe漫步藍咖啡-新竹雙園店,https://lh3.googleusercontent.com/p/AF1QipNSBiXT2J-QxzjOmMHv25objX1oLDUmP6gRdLXF=w80-h106-k-no,4.7,84,https://www.google.com.tw/maps/place/Ramble+Cafe%E6%BC%AB%E6%AD%A5%E8%97%8D%E5%92%96%E5%95%A1-%E6%96%B0%E7%AB%B9%E9%9B%99%E5%9C%92%E5%BA%97/data=!4m7!3m6!1s0x34684951a0748a5d:0x500e9ec61e14e0bd!8m2!3d24.7707426!4d121.0053983!16s%2Fg%2F11q2y68gz7!19sChIJXYp0oFFJaDQRveAUHsaeDlA?authuser=0&hl=zh-TW&rclk=1,308新竹縣寶山鄉雙園路一段2巷6號,星期四、07:30 到 18:30; 星期五、07:30 到 18:30; 星期六、10:00 到 16:00; 星期日、休息; 星期一、07:30 到 18:30; 星期二、07:30 到 18:30; 星期三、07:30 到 18:30. 隱藏本週營業時間,"24.7707426,121.0053983"
飛行樹屋咖啡/B_loved Treehouse Bistro 老眷村中的藝術餐酒館 水煙/調酒/單品咖啡/藝術/海娜/塔羅/新竹在地精釀啤酒,https://lh3.googleusercontent.com/p/AF1QipMYWhE_XeKK6PDa73X0FYEEyOZyARb47l7OQ50l=w122-h92-k-no,4.5,681,https://www.google.com.tw/maps/place/%E9%A3%9B%E8%A1%8C%E6%A8%B9%E5%B1%8B%E5%92%96%E5%95%A1%2FB_loved+Treehouse+Bistro+%E8%80%81%E7%9C%B7%E6%9D%91%E4%B8%AD%E7%9A%84%E8%97%9D%E8%A1%93%E9%A4%90%E9%85%92%E9%A4%A8+%E6%B0%B4%E7%85%99%2F%E8%AA%BF%E9%85%92%2F%E5%96%AE%E5%93%81%E5%92%96%E5%95%A1%2F%E8%97%9D%E8%A1%93%2F%E6%B5%B7%E5%A8%9C%2F%E5%A1%94%E7%BE%85%2F%E6%96%B0%E7%AB%B9%E5%9C%A8%E5%9C%B0%E7%B2%BE%E9%87%80%E5%95%A4%E9%85%92/data=!4m7!3m6!1s0x346836137f18da3f:0x3fbac9ee5a29acb7!8m2!3d24.7922544!4d121.0045147!16s%2Fg%2F11cn92cjyh!19sChIJP9oYfxM2aDQRt6wpWu7Juj8?authuser=0&hl=zh-TW&rclk=1,300新竹市東區光復路二段18巷17號,星期四、11:30 到 00:00; 星期五、11:30 到 00:00; 星期六、11:30 到 00:00; 星期日、11:30 到 00:00; 星期一、休息; 星期二、11:30 到 00:00; 星期三、11:30 到 00:00. 隱藏本週營業時間,"24.7922544,121.0045147"
Share Day Coffee,https://lh3.googleusercontent.com/p/AF1QipNtITQ4D-6acQ9tdVHFvv-GyhKLe9mg-7K5lSMy=w122-h92-k-no,4.8,83,https://www.google.com.tw/maps/place/Share+Day+Coffee/data=!4m7!3m6!1s0x3468374a43043a57:0x5a08621db97e364d!8m2!3d24.8317896!4d121.0200534!16s%2Fg%2F11s5xlsc4g!19sChIJVzoEQ0o3aDQRTTZ-uR1iCFo?authuser=0&hl=zh-TW&rclk=1,302新竹縣竹北市文仁街32號,星期四、10:00 到 18:00; 星期五、10:00 到 18:00; 星期六、10:00 到 18:00; 星期日、10:00 到 18:00; 星期一、休息; 星期二、休息; 星期三、10:00 到 18:00. 隱藏本週營業時間,"24.8317896,121.0200534"
SummerCafé(無開放預約),https://lh3.googleusercontent.com/p/AF1QipPaikxzwBgF8_5VWntcIfPomrLNbyCJY5wYQqew=w137-h92-k-no,4.4,"1,192",https://www.google.com.tw/maps/place/SummerCaf%C3%A9%28%E7%84%A1%E9%96%8B%E6%94%BE%E9%A0%90%E7%B4%84%29/data=!4m7!3m6!1s0x3468309b66ac0bcf:0x5a950e7dff4f8cea!8m2!3d24.874129!4d121.069883!16s%2Fg%2F1tfcl229!19sChIJzwusZpswaDQR6oxP_30OlVo?authuser=0&hl=zh-TW&rclk=1,303新竹縣湖口鄉湖新路701巷86號,星期四、19:00 到 02:00; 星期五、19:00 到 02:00; 星期六、19:00 到 02:00; 星期日、19:00 到 02:00; 星期一、休息; 星期二、休息; 星期三、19:00 到 02:00. 隱藏本週營業時間,"24.874129,121.069883"
大山北月,https://lh3.googleusercontent.com/p/AF1QipO5YHoc51iT2_j3MM5IwJL58Ljhh8PpAtHKe7wp=w137-h92-k-no,4.2,"1,700",https://www.google.com.tw/maps/place/%E5%A4%A7%E5%B1%B1%E5%8C%97%E6%9C%88/data=!4m7!3m6!1s0x346847a505bf5687:0xe757e2977694c342!8m2!3d24.685446!4d121.138983!16s%2Fg%2F1pzt06h5_!19sChIJh1a_BaVHaDQRQsOUdpfiV-c?authuser=0&hl=zh-TW&rclk=1,312新竹縣橫山鄉大山背80號,星期四、10:30 到 16:30; 星期五、10:30 到 16:30; 星期六、10:30 到 16:30; 星期日、10:30 到 16:30; 星期一、休息; 星期二、10:30 到 16:30; 星期三、10:30 到 16:30. 隱藏本週營業時間,"24.685446,121.138983"
5.15 Cafe 桌遊咖啡館｜咖啡．甜點,https://lh3.googleusercontent.com/p/AF1QipOgysMOq-IiIv4hoBSBVG_0pcXi25np1QWqiQF-=w122-h92-k-no,4.8,375,https://www.google.com.tw/maps/place/5.15+Cafe+%E6%A1%8C%E9%81%8A%E5%92%96%E5%95%A1%E9%A4%A8%EF%BD%9C%E5%92%96%E5%95%A1%EF%BC%8E%E7%94%9C%E9%BB%9E/data=!4m7!3m6!1s0x346837b5e01f0a7d:0x7910bf5fe2297f74!8m2!3d24.8195225!4d121.024355!16s%2Fg%2F11pxv31_ls!19sChIJfQof4LU3aDQRdH8p4l-_EHk?authuser=0&hl=zh-TW&rclk=1,302新竹縣竹北市成功二街96號2F,星期四、休息; 星期五、13:00 到 18:00; 星期六、13:00 到 22:00; 星期日、13:00 到 22:00; 星期一、13:00 到 18:00; 星期二、13:00 到 18:00; 星期三、休息. 隱藏本週營業時間,"24.8195225,121.024355"
若木深夜咖啡廳,https://lh3.googleusercontent.com/p/AF1QipMawWUwMFfdf00gBH8aMmuLNC8NYVL2Bl3rJ-nc=w122-h92-k-no,4.6,435,https://www.google.com.tw/maps/place/%E8%8B%A5%E6%9C%A8%E6%B7%B1%E5%A4%9C%E5%92%96%E5%95%A1%E5%BB%B3/data=!4m7!3m6!1s0x3468372ae7ac5823:0xf0aa214507361931!8m2!3d24.823507!4d121.0146075!16s%2Fg%2F11gr58xdsw!19sChIJI1is5yo3aDQRMRk2B0UhqvA?authuser=0&hl=zh-TW&rclk=1,302新竹縣竹北市縣政二路70號,星期四、15:00 到 02:00; 星期五、15:00 到 02:00; 星期六、15:00 到 02:00; 星期日、15:00 到 22:00; 星期一、15:00 到 02:00; 星期二、15:00 到 02:00; 星期三、15:00 到 02:00. 隱藏本週營業時間,"24.823507,121.0146075"
生生Kapi• （公休、營業時間可以至IG、FB貼文查看）,https://lh3.googleusercontent.com/p/AF1QipO5yxBW9QEC52uYekeAjBl0_N1-jn452Osi_veZ=w80-h106-k-no,4.4,181,https://www.google.com.tw/maps/place/%E7%94%9F%E7%94%9FKapi%E2%80%A2+%EF%BC%88%E5%85%AC%E4%BC%91%E3%80%81%E7%87%9F%E6%A5%AD%E6%99%82%E9%96%93%E5%8F%AF%E4%BB%A5%E8%87%B3IG%E3%80%81FB%E8%B2%BC%E6%96%87%E6%9F%A5%E7%9C%8B%EF%BC%89/data=!4m7!3m6!1s0x346837a75a39644b:0x422a82cf36df1cc7!8m2!3d24.8224288!4d121.034996!16s%2Fg%2F11v43yzltp!19sChIJS2Q5Wqc3aDQRxxzfNs-CKkI?authuser=0&hl=zh-TW&rclk=1,302新竹縣竹北市勝利八街二段117號,星期四、12:00 到 19:00; 星期五、12:00 到 19:00; 星期六、10:30 到 19:00; 星期日、10:30 到 19:00; 星期一、12:00 到 19:00; 星期二、12:00 到 19:00; 星期三、12:00 到 19:00. 隱藏本週營業時間,"24.8224288,121.034996"
冰藍沁禾咖啡館 BLCH Coffee Roasters（六、日、國定假日無訂位）,https://lh3.googleusercontent.com/p/AF1QipMoz4HKUduscrWP0nDtzQCA9Kb25-8DsBPuPgh4=w122-h92-k-no,4.9,313,https://www.google.com.tw/maps/place/%E5%86%B0%E8%97%8D%E6%B2%81%E7%A6%BE%E5%92%96%E5%95%A1%E9%A4%A8+BLCH+Coffee+Roasters%EF%BC%88%E5%85%AD%E3%80%81%E6%97%A5%E3%80%81%E5%9C%8B%E5%AE%9A%E5%81%87%E6%97%A5%E7%84%A1%E8%A8%82%E4%BD%8D%EF%BC%89/data=!4m7!3m6!1s0x3468373465ee23a7:0x207655e159e0c20c!8m2!3d24.8180887!4d121.0285393!16s%2Fg%2F11pd0tw7rk!19sChIJpyPuZTQ3aDQRDMLgWeFVdiA?authuser=0&hl=zh-TW&rclk=1,302新竹縣竹北市嘉興路239之2號,星期四、休息; 星期五、10:30 到 18:30; 星期六、10:30 到 18:30; 星期日、10:30 到 18:30; 星期一、10:30 到 18:30; 星期二、10:30 到 18:30; 星期三、休息. 隱藏本週營業時間,"24.8180887,121.0285393"
WOOLI_CAFE,https://lh3.googleusercontent.com/p/AF1QipMnxFGMR3GQtZKtjpod_tCj_6ehSdJ2NjA-afus=w92-h92-k-no,4.7,305,https://www.google.com.tw/maps/place/WOOLI_CAFE/data=!4m7!3m6!1s0x346833fd23170429:0x5913a77729587d9d!8m2!3d24.872961!4d120.9854086!16s%2Fg%2F11gdh8wtzf!19sChIJKQQXI_0zaDQRnX1YKXenE1k?authuser=0&hl=zh-TW&rclk=1,304新竹縣新豐鄉康樂路一段416號,星期四、12:00 到 18:00; 星期五、12:00 到 18:00; 星期六、12:00 到 18:00; 星期日、12:00 到 18:00; 星期一、休息; 星期二、休息; 星期三、休息. 隱藏本週營業時間,"24.872961,120.9854086"
輕鬆點咖啡,https://lh3.googleusercontent.com/p/AF1QipMlyei55d5CCRvFPKeLft3KX7GaOurECxFTceuF=w122-h92-k-no,4.2,400,https://www.google.com.tw/maps/place/%E8%BC%95%E9%AC%86%E9%BB%9E%E5%92%96%E5%95%A1/data=!4m7!3m6!1s0x346833f3bb096a17:0xad79ed1139978b81!8m2!3d24.8742102!4d120.9683394!16s%2Fg%2F11g6nl13xv!19sChIJF2oJu_MzaDQRgYuXORHtea0?authuser=0&hl=zh-TW&rclk=1,302新竹縣竹北市302,星期四、08:00 到 18:00; 星期五、08:00 到 18:00; 星期六、08:00 到 18:00; 星期日、08:00 到 18:00; 星期一、08:00 到 18:00; 星期二、08:00 到 18:00; 星期三、08:00 到 18:00. 隱藏本週營業時間,"24.8742102,120.9683394"
W.H. Coffee,https://lh3.googleusercontent.com/p/AF1QipMRYWA4mvklv1k_wKTwszhdiovGdy966wTStZge=w122-h92-k-no,4.6,276,https://www.google.com.tw/maps/place/W.H.+Coffee/data=!4m7!3m6!1s0x346847550d9e78b9:0xac7f1ced053efe7!8m2!3d24.7343621!4d121.1690458!16s%2Fg%2F11ggt1d9js!19sChIJuXieDVVHaDQR5-9T0M7xxwo?authuser=0&hl=zh-TW&rclk=1,312新竹縣橫山鄉,星期四、11:00 到 17:00; 星期五、11:00 到 17:00; 星期六、11:00 到 17:00; 星期日、11:00 到 17:00; 星期一、休息; 星期二、11:00 到 17:00; 星期三、11:00 到 17:00. 隱藏本週營業時間,"24.7343621,121.1690458"
沙湖壢咖啡館,https://lh3.googleusercontent.com/p/AF1QipMg8mQzhnaL2HeANzt4i8J7CGvwxDRj2dOSNiIL=w138-h92-k-no,4.3,"2,019",https://www.google.com.tw/maps/place/%E6%B2%99%E6%B9%96%E5%A3%A2%E5%92%96%E5%95%A1%E9%A4%A8/data=!4m7!3m6!1s0x34684830c7334663:0x5c2439e6e8304a5d!8m2!3d24.7499841!4d121.04472!16s%2Fg%2F1td9svry!19sChIJY0YzxzBIaDQRXUow6OY5JFw?authuser=0&hl=zh-TW&rclk=1,30845新竹縣寶山鄉山湖路63號,星期四、10:00 到 17:00; 星期五、10:00 到 17:00; 星期六、10:00 到 17:00; 星期日、10:00 到 17:00; 星期一、休息; 星期二、休息; 星期三、休息. 隱藏本週營業時間,"24.7499841,121.04472"
HWC黑沃咖啡 新竹遠東店,https://lh3.googleusercontent.com/p/AF1QipM6l-jKaBjqlzrZjM1Mm18UtXCxlroiWEwiYH1V=w122-h92-k-no,4.9,149,https://www.google.com.tw/maps/place/HWC%E9%BB%91%E6%B2%83%E5%92%96%E5%95%A1+%E6%96%B0%E7%AB%B9%E9%81%A0%E6%9D%B1%E5%BA%97/data=!4m7!3m6!1s0x346837d747fac5d5:0xc6f5450881496edc!8m2!3d24.8252445!4d121.0573227!16s%2Fg%2F11f6fzgw3z!19sChIJ1cX6R9c3aDQR3G5JgQhF9cY?authuser=0&hl=zh-TW&rclk=1,305新竹縣新埔鎮文山路亞東段369號,星期四、07:00 到 18:00; 星期五、07:00 到 18:00; 星期六、休息; 星期日、休息; 星期一、07:00 到 18:00; 星期二、07:00 到 18:00; 星期三、07:00 到 18:00. 隱藏本週營業時間,"24.8252445,121.0573227"
go to coffee 熟成咖啡專門店,https://lh3.googleusercontent.com/p/AF1QipMBVEh_L3Rpi2ZHHLZqw5ZtlhaVmONon2xgx8-T=w92-h92-k-no,4.9,61,https://www.google.com.tw/maps/place/go+to+coffee+%E7%86%9F%E6%88%90%E5%92%96%E5%95%A1%E5%B0%88%E9%96%80%E5%BA%97/data=!4m7!3m6!1s0x346837f454624a41:0x478986f4c7c4c235!8m2!3d24.8211951!4d121.0095498!16s%2Fg%2F11kjf0d3_n!19sChIJQUpiVPQ3aDQRNcLEx_SGiUc?authuser=0&hl=zh-TW&rclk=1,302新竹縣竹北市科大一路128號go to coffee,星期四、休息; 星期五、07:00 到 16:30; 星期六、19:30 到 02:00; 星期日、07:00 到 16:45; 星期一、07:00 到 17:00; 星期二、12:00 到 16:00; 星期三、07:00 到 11:30. 隱藏本週營業時間,"24.8211951,121.0095498"
竹東莫內咖啡,https://lh3.googleusercontent.com/p/AF1QipOxJIG5gAQij5ruJjxE2SZeJW-3h2iSUryLSVjJ=w122-h92-k-no,3.9,"2,174",https://www.google.com.tw/maps/place/%E7%AB%B9%E6%9D%B1%E8%8E%AB%E5%85%A7%E5%92%96%E5%95%A1/data=!4m7!3m6!1s0x3468487906cdbb71:0xc9995c055e3e7db1!8m2!3d24.7189693!4d121.0746002!16s%2Fg%2F11c43qf9rp!19sChIJcbvNBnlIaDQRsX0-XgVcmck?authuser=0&hl=zh-TW&rclk=1,310新竹縣竹東鎮中豐路三段557號,星期四、10:00 到 19:00; 星期五、10:00 到 19:00; 星期六、08:00 到 20:00; 星期日、08:00 到 20:00; 星期一、10:00 到 19:00; 星期二、10:00 到 19:00; 星期三、10:00 到 19:00. 隱藏本週營業時間,"24.7189693,121.0746002"
風情萬景咖啡屋,https://lh3.googleusercontent.com/p/AF1QipO_5YC9cvzrC27q5U3n_rTJr8_kRCTbC910kmqi=w122-h92-k-no,4.3,460,https://www.google.com.tw/maps/place/%E9%A2%A8%E6%83%85%E8%90%AC%E6%99%AF%E5%92%96%E5%95%A1%E5%B1%8B/data=!4m7!3m6!1s0x3468386452e6bd1d:0x18640c01032864e8!8m2!3d24.7617545!4d121.1166946!16s%2Fg%2F11c54_xwcn!19sChIJHb3mUmQ4aDQR6GQoAwEMZBg?authuser=0&hl=zh-TW&rclk=1,307新竹縣芎林鄉Unnamed Road307號,星期四、休息; 星期五、休息; 星期六、07:00 到 17:00; 星期日、07:00 到 17:00; 星期一、休息; 星期二、休息; 星期三、休息. 隱藏本週營業時間,"24.7617545,121.1166946"
花院子,https://lh3.googleusercontent.com/p/AF1QipMNcLVQsNNa7uxbfAuPLk8cGDzGvLKLxS3JApFC=w80-h106-k-no,4.4,527,https://www.google.com.tw/maps/place/%E8%8A%B1%E9%99%A2%E5%AD%90/data=!4m7!3m6!1s0x34683723b282d727:0x9de9d2140fb8707c!8m2!3d24.8119308!4d121.0230312!16s%2Fg%2F11g0h_591w!19sChIJJ9eCsiM3aDQRfHC4DxTS6Z0?authuser=0&hl=zh-TW&rclk=1,302新竹縣竹北市六家五路一段1號,星期四、09:30 到 17:30; 星期五、09:30 到 17:30; 星期六、休息; 星期日、休息; 星期一、09:30 到 17:30; 星期二、09:30 到 17:30; 星期三、09:30 到 17:30. 隱藏本週營業時間,"24.8119308,121.0230312"
卡菲努努親子寵物餐廳,https://lh3.googleusercontent.com/p/AF1QipMxPfDtSiL-mql8oiJOCOibwado804ABCcXjTea=w122-h92-k-no,4.6,"7,134",https://www.google.com.tw/maps/place/%E5%8D%A1%E8%8F%B2%E5%8A%AA%E5%8A%AA%E8%A6%AA%E5%AD%90%E5%AF%B5%E7%89%A9%E9%A4%90%E5%BB%B3/data=!4m7!3m6!1s0x346837a40ba5be5d:0xc25a9e91672beae4!8m2!3d24.7752076!4d121.0548773!16s%2Fg%2F11ff5k49rv!19sChIJXb6lC6Q3aDQR5OorZ5GeWsI?authuser=0&hl=zh-TW&rclk=1,310新竹縣竹東鎮明星一路138號,星期四、11:00 到 22:00; 星期五、11:00 到 22:00; 星期六、11:00 到 22:00; 星期日、11:00 到 22:00; 星期一、11:00 到 22:00; 星期二、11:00 到 22:00; 星期三、11:00 到 22:00. 隱藏本週營業時間,"24.7752076,121.0548773"
杯貝咖啡空間 - 咖啡豆 | 濾掛式咖啡 | 會議場租 | 展演空間,https://lh3.googleusercontent.com/p/AF1QipPQYX0NLaXdXY21Q057ltFVvNX3Ud53UQ7wRuBJ=w163-h92-k-no,5.0,142,https://www.google.com.tw/maps/place/%E6%9D%AF%E8%B2%9D%E5%92%96%E5%95%A1%E7%A9%BA%E9%96%93+-+%E5%92%96%E5%95%A1%E8%B1%86+%7C+%E6%BF%BE%E6%8E%9B%E5%BC%8F%E5%92%96%E5%95%A1+%7C+%E6%9C%83%E8%AD%B0%E5%A0%B4%E7%A7%9F+%7C+%E5%B1%95%E6%BC%94%E7%A9%BA%E9%96%93/data=!4m7!3m6!1s0x34683746aa0ead29:0xc1f8f8be626ec0b1!8m2!3d24.8226944!4d121.030233!16s%2Fg%2F11smv7cvcz!19sChIJKa0OqkY3aDQRscBuYr74-ME?authuser=0&hl=zh-TW&rclk=1,302新竹縣竹北市自強北路93號2樓,星期四、12:00 到 20:00; 星期五、12:00 到 20:00; 星期六、12:00 到 20:00; 星期日、12:00 到 20:00; 星期一、休息; 星期二、12:00 到 20:00; 星期三、12:00 到 20:00. 隱藏本週營業時間,"24.8226944,121.030233"
屋裡禾光 Wuli Cafe,https://lh3.googleusercontent.com/p/AF1QipNBcVbzL_2qggOZx1GD6h7PWM_1SHwkCXcxEq8d=w80-h106-k-no,4.8,84,https://www.google.com.tw/maps/place/%E5%B1%8B%E8%A3%A1%E7%A6%BE%E5%85%89+Wuli+Cafe/data=!4m7!3m6!1s0x346837e57dd8d79b:0x1a19c81729c02b40!8m2!3d24.8068859!4d121.0314438!16s%2Fg%2F11khzywwhp!19sChIJm9fYfeU3aDQRQCvAKRfIGRo?authuser=0&hl=zh-TW&rclk=1,302新竹縣竹北市嘉豐南路二段82號,星期四、09:00 到 17:00; 星期五、09:00 到 17:00; 星期六、09:00 到 17:00; 星期日、休息; 星期一、休息; 星期二、09:00 到 17:00; 星期三、09:00 到 17:00. 隱藏本週營業時間,"24.8068859,121.0314438"
貳參咖啡西門店（3月開始週一公休）,https://lh3.googleusercontent.com/p/AF1QipMgvfxIct6knIUrlT6N3Q_AhsSyBF_Bd_76B5A5=w163-h92-k-no,4.7,"1,197",https://www.google.com.tw/maps/place/%E8%B2%B3%E5%8F%83%E5%92%96%E5%95%A1%E8%A5%BF%E9%96%80%E5%BA%97%EF%BC%883%E6%9C%88%E9%96%8B%E5%A7%8B%E9%80%B1%E4%B8%80%E5%85%AC%E4%BC%91%EF%BC%89/data=!4m7!3m6!1s0x34683594e5995683:0xbfa69249c8f926c6!8m2!3d24.8010455!4d120.9626898!16s%2Fg%2F1pzrzn1jj!19sChIJg1aZ5ZQ1aDQRxib5yEmSpr8?authuser=0&hl=zh-TW&rclk=1,300新竹市北區西門街152號,星期四、10:00 到 18:00; 星期五、10:00 到 18:00; 星期六、10:00 到 18:00; 星期日、10:00 到 18:00; 星期一、休息; 星期二、10:00 到 18:00; 星期三、10:00 到 18:00. 隱藏本週營業時間,"24.8010455,120.9626898"
夏季三角景觀咖啡廳,https://lh3.googleusercontent.com/p/AF1QipOiGd-mP60o2Hvti0YB-GhgmhRiXX9GcPWGknp4=w122-h92-k-no,3.8,"4,489",https://www.google.com.tw/maps/place/%E5%A4%8F%E5%AD%A3%E4%B8%89%E8%A7%92%E6%99%AF%E8%A7%80%E5%92%96%E5%95%A1%E5%BB%B3/data=!4m7!3m6!1s0x34683af25523b7b3:0x610c6b439e12af07!8m2!3d24.8883295!4d121.1024568!16s%2Fg%2F11dyzkwk_w!19sChIJs7cjVfI6aDQRB68SnkNrDGE?authuser=0&hl=zh-TW&rclk=1,303新竹縣湖口鄉長安路361巷,星期四、15:00 到 02:00; 星期五、15:00 到 02:00; 星期六、11:30 到 02:00; 星期日、11:30 到 02:00; 星期一、15:00 到 02:00; 星期二、15:00 到 02:00; 星期三、15:00 到 02:00. 隱藏本週營業時間,"24.8883295,121.1024568"
橋恩咖啡,https://lh3.googleusercontent.com/p/AF1QipPwZtnlAE0kbXYKEi4t38tQnerRpoPJzAz68wa3=w122-h92-k-no,4.6,498,https://www.google.com.tw/maps/place/%E6%A9%8B%E6%81%A9%E5%92%96%E5%95%A1/data=!4m7!3m6!1s0x346836eb0d8a713f:0x3a37562a39fb27fb!8m2!3d24.8318101!4d121.0126401!16s%2Fg%2F1hf07fg0y!19sChIJP3GKDes2aDQR-yf7OSpWNzo?authuser=0&hl=zh-TW&rclk=1,302新竹縣竹北市文信路297號,星期四、10:00 到 18:30; 星期五、10:00 到 18:30; 星期六、09:30 到 18:00; 星期日、09:30 到 18:00; 星期一、10:00 到 18:30; 星期二、10:00 到 18:30; 星期三、10:00 到 18:30. 隱藏本週營業時間,"24.8318101,121.0126401"
It's Alice Cafe&Food,https://lh3.googleusercontent.com/p/AF1QipOZZ_6q2sIbVZcPOKHmRxK1fIs2ogoG45PbFQCh=w122-h92-k-no,4.5,664,https://www.google.com.tw/maps/place/It%27s+Alice+Cafe%26Food/data=!4m7!3m6!1s0x346848049de105e7:0xb0d9904786a63adc!8m2!3d24.6663818!4d121.1168282!16s%2Fg%2F1tdwsdpk!19sChIJ5wXhnQRIaDQR3DqmhkeQ2bA?authuser=0&hl=zh-TW&rclk=1,310新竹縣竹東鎮,星期四、10:00 到 17:00; 星期五、10:00 到 17:00; 星期六、10:00 到 18:00; 星期日、10:00 到 18:00; 星期一、休息; 星期二、休息; 星期三、休息. 隱藏本週營業時間,"24.6663818,121.1168282"
一想一響咖啡,https://lh3.googleusercontent.com/p/AF1QipPxPBcfFXDSu8R-1FQsFH0Vwh141rUncFROlfi8=w122-h92-k-no,4.2,"1,145",https://www.google.com.tw/maps/place/%E4%B8%80%E6%83%B3%E4%B8%80%E9%9F%BF%E5%92%96%E5%95%A1/data=!4m7!3m6!1s0x346835dbaa841117:0xc500923497bd720e!8m2!3d24.8085247!4d120.9789307!16s%2Fg%2F11hbt41f0n!19sChIJFxGEqts1aDQRDnK9lzSSAMU?authuser=0&hl=zh-TW&rclk=1,30043新竹市東區民生路58巷8號,星期四、13:00 到 22:00; 星期五、13:00 到 22:00; 星期六、13:00 到 22:00; 星期日、13:00 到 22:00; 星期一、13:00 到 22:00; 星期二、13:00 到 22:00; 星期三、13:00 到 22:00. 隱藏本週營業時間,"24.8085247,120.9789307"
森窯have a Picnic,https://lh3.googleusercontent.com/p/AF1QipM3hLDx0kqHDvFhRlbiEuDhV4W2IJV7cTcDp6mf=w122-h92-k-no,4.6,"2,455",https://www.google.com.tw/maps/place/%E6%A3%AE%E7%AA%AFhave+a+Picnic/data=!4m7!3m6!1s0x346845f29664c34b:0xf43b00adf98b1d24!8m2!3d24.6417281!4d121.0880444!16s%2Fg%2F11h8c3kl74!19sChIJS8NklvJFaDQRJB2L-a0AO_Q?authuser=0&hl=zh-TW&rclk=1,31443新竹縣北埔鄉,星期四、11:00 到 17:30; 星期五、11:00 到 17:30; 星期六、11:00 到 18:30; 星期日、11:00 到 18:30; 星期一、休息; 星期二、休息; 星期三、11:00 到 17:30. 隱藏本週營業時間,"24.6417281,121.0880444"
自然在家書坊（採FB預約，謝謝）,https://lh3.googleusercontent.com/p/AF1QipNDI5zVHpLDMD1Hlhcam0DcZ2-Zlr6cY4khbUsY=w122-h92-k-no,4.8,245,https://www.google.com.tw/maps/place/%E8%87%AA%E7%84%B6%E5%9C%A8%E5%AE%B6%E6%9B%B8%E5%9D%8A%EF%BC%88%E6%8E%A1FB%E9%A0%90%E7%B4%84%EF%BC%8C%E8%AC%9D%E8%AC%9D%EF%BC%89/data=!4m7!3m6!1s0x346840f4be2cfae3:0xae69862241ed9b70!8m2!3d24.7032895!4d121.2124057!16s%2Fg%2F11dyxhd1gm!19sChIJ4_osvvRAaDQRcJvtQSKGaa4?authuser=0&hl=zh-TW&rclk=1,313新竹縣尖石鄉1鄰14之1號,星期四、休息; 星期五、09:00 到 16:00; 星期六、09:00 到 16:00; 星期日、09:00 到 16:00; 星期一、休息; 星期二、休息; 星期三、休息. 隱藏本週營業時間,"24.7032895,121.2124057"
Aspoon Aspoon Cafe阿本 紅蔘咖啡館,https://lh3.googleusercontent.com/p/AF1QipMRE-VefjC4TzqCwag2EM9iGSARLa2divIxpTm1=w163-h92-k-no,4.2,374,https://www.google.com.tw/maps/place/Aspoon+Aspoon+Cafe%E9%98%BF%E6%9C%AC+%E7%B4%85%E8%94%98%E5%92%96%E5%95%A1%E9%A4%A8/data=!4m7!3m6!1s0x34683746f19036ad:0xfc723371d38c6c76!8m2!3d24.8078034!4d121.0384386!16s%2Fg%2F11fl47_tlr!19sChIJrTaQ8UY3aDQRdmyM03Ezcvw?authuser=0&hl=zh-TW&rclk=1,302新竹縣竹北市復興三路二段168號1樓,星期四、11:00 到 21:30; 星期五、11:00 到 21:30; 星期六、11:00 到 21:30; 星期日、11:00 到 21:30; 星期一、11:00 到 21:30; 星期二、11:00 到 21:30; 星期三、11:00 到 21:30. 隱藏本週營業時間,"24.8078034,121.0384386"
Henri Palette Coffee,https://lh3.googleusercontent.com/p/AF1QipMMgNzPrxTXVIkDY_h9hT2kjLo8gdF9IEz8M5wp=w80-h106-k-no,5.0,65,https://www.google.com.tw/maps/place/Henri+Palette+Coffee/data=!4m7!3m6!1s0x34683714ecd74543:0x8fe79fb9d64fce9e!8m2!3d24.8348616!4d121.0078473!16s%2Fg%2F11y9skqm6x!19sChIJQ0XX7BQ3aDQRns5P1rmf548?authuser=0&hl=zh-TW&rclk=1,302010新竹縣竹北市博愛街304號,星期四、09:30 到 16:30; 星期五、09:30 到 16:30; 星期六、09:30 到 16:30; 星期日、09:30 到 16:30; 星期一、休息; 星期二、休息; 星期三、09:30 到 16:30. 隱藏本週營業時間,"24.8348616,121.0078473"
Float Dept.微生咖啡「沒有訂位服務」,https://lh3.googleusercontent.com/p/AF1QipPcadBL5dG7W15FS6A5lRP0daOdskhGVtF8WJxb=w122-h92-k-no,4.4,"1,260",https://www.google.com.tw/maps/place/Float+Dept.%E5%BE%AE%E7%94%9F%E5%92%96%E5%95%A1%E3%80%8C%E6%B2%92%E6%9C%89%E8%A8%82%E4%BD%8D%E6%9C%8D%E5%8B%99%E3%80%8D/data=!4m7!3m6!1s0x346835d10b40b093:0x2a7beb57a247a870!8m2!3d24.8073311!4d120.974516!16s%2Fg%2F11j438_9vs!19sChIJk7BAC9E1aDQRcKhHolfreyo?authuser=0&hl=zh-TW&rclk=1,300新竹市東區民權路111巷23號,星期四、10:00 到 18:00; 星期五、10:00 到 18:00; 星期六、10:00 到 18:00; 星期日、10:00 到 18:00; 星期一、10:00 到 18:00; 星期二、10:00 到 18:00; 星期三、10:00 到 18:00. 隱藏本週營業時間,"24.8073311,120.974516"
COFFEE OWNER,https://lh3.googleusercontent.com/p/AF1QipN1gdUyDU20HNYDejwByQKVewuKbdNQuTBkbAYL=w80-h106-k-no,4.5,374,https://www.google.com.tw/maps/place/COFFEE+OWNER/data=!4m7!3m6!1s0x346836fec7453915:0xb1fbb7d8d28b73a9!8m2!3d24.8147209!4d121.0286307!16s%2Fg%2F11b8v9slmh!19sChIJFTlFx_42aDQRqXOL0ti3-7E?authuser=0&hl=zh-TW&rclk=1,302新竹縣竹北市福興東路二段109號,星期四、08:30 到 15:30; 星期五、08:30 到 15:30; 星期六、10:00 到 15:30; 星期日、休息; 星期一、休息; 星期二、08:30 到 15:30; 星期三、08:30 到 15:30. 隱藏本週營業時間,"24.8147209,121.0286307"
諾米娜下午時光「精品咖啡烘培」限定預約,https://lh3.googleusercontent.com/p/AF1QipONJl-kOLt97ZaqapOV_VqV0X68yKLNo4V28LCN=w80-h106-k-no,4.8,97,https://www.google.com.tw/maps/place/%E8%AB%BE%E7%B1%B3%E5%A8%9C%E4%B8%8B%E5%8D%88%E6%99%82%E5%85%89%E3%80%8C%E7%B2%BE%E5%93%81%E5%92%96%E5%95%A1%E7%83%98%E5%9F%B9%E3%80%8D%E9%99%90%E5%AE%9A%E9%A0%90%E7%B4%84/data=!4m7!3m6!1s0x34682f5024d7713d:0x9b37925f0efc1bdd!8m2!3d24.9334924!4d121.0507912!16s%2Fg%2F11fv4j_q0h!19sChIJPXHXJFAvaDQR3Rv8Dl-SN5s?authuser=0&hl=zh-TW&rclk=1,303新竹縣湖口鄉和興路755巷32弄15號,星期四、休息; 星期五、休息; 星期六、11:30 到 18:00; 星期日、11:30 到 18:00; 星期一、休息; 星期二、休息; 星期三、休息. 隱藏本週營業時間,"24.9334924,121.0507912"
歐舍咖啡 新竹門市,https://lh3.googleusercontent.com/p/AF1QipPdeaR99com-_abuDBYFkkCcQa8KtkEsqWChQ7l=w163-h92-k-no,4.9,90,https://www.google.com.tw/maps/place/%E6%AD%90%E8%88%8D%E5%92%96%E5%95%A1+%E6%96%B0%E7%AB%B9%E9%96%80%E5%B8%82/data=!4m7!3m6!1s0x34683705d91fe0a3:0x4e270dfcbca87554!8m2!3d24.8302245!4d121.0160731!16s%2Fg%2F11lfcj63vw!19sChIJo-Af2QU3aDQRVHWovPwNJ04?authuser=0&hl=zh-TW&rclk=1,302002新竹縣竹北市光明一路117號1樓,星期四、10:30 到 20:30; 星期五、10:30 到 20:30; 星期六、10:30 到 20:30; 星期日、10:30 到 20:30; 星期一、10:30 到 20:30; 星期二、10:30 到 20:30; 星期三、10:30 到 20:30. 隱藏本週營業時間,"24.8302245,121.0160731"
SEjR 22 勝利咖啡,https://lh3.googleusercontent.com/p/AF1QipM_yWFkJ5SMy3KhyMlT2NfHZT1jub8xLSZDLsQP=w122-h92-k-no,4.9,70,https://www.google.com.tw/maps/place/SEjR+22+%E5%8B%9D%E5%88%A9%E5%92%96%E5%95%A1/data=!4m7!3m6!1s0x3468376a80080e01:0xb0ed82b1598d7c09!8m2!3d24.8230337!4d121.0320389!16s%2Fg%2F11y65_64km!19sChIJAQ4IgGo3aDQRCXyNWbGC7bA?authuser=0&hl=zh-TW&rclk=1,"302新竹縣竹北市勝利七街二段22號1樓, No",星期四、09:00 到 18:00; 星期五、09:00 到 18:00; 星期六、09:30 到 18:30; 星期日、09:30 到 18:30; 星期一、09:00 到 18:00; 星期二、09:00 到 18:00; 星期三、休息. 隱藏本週營業時間,"24.8230337,121.0320389"
覺咖啡 現實存在的解惑咖啡廳 靈感特調籤詩提點專門店 問事查解請預約,https://lh3.googleusercontent.com/p/AF1QipMj-EW17ir-jolZBFMqKKKbXTSJxybB96Ime5y8=w163-h92-k-no,4.8,254,https://www.google.com.tw/maps/place/%E8%A6%BA%E5%92%96%E5%95%A1+%E7%8F%BE%E5%AF%A6%E5%AD%98%E5%9C%A8%E7%9A%84%E8%A7%A3%E6%83%91%E5%92%96%E5%95%A1%E5%BB%B3+%E9%9D%88%E6%84%9F%E7%89%B9%E8%AA%BF%E7%B1%A4%E8%A9%A9%E6%8F%90%E9%BB%9E%E5%B0%88%E9%96%80%E5%BA%97+%E5%95%8F%E4%BA%8B%E6%9F%A5%E8%A7%A3%E8%AB%8B%E9%A0%90%E7%B4%84/data=!4m7!3m6!1s0x34683702c42276c1:0x2093bdf88fee2fa9!8m2!3d24.8312698!4d121.0170006!16s%2Fg%2F11f9y9dsjz!19sChIJwXYixAI3aDQRqS_uj_i9kyA?authuser=0&hl=zh-TW&rclk=1,302新竹縣竹北市文采街22號,星期四、11:00 到 17:00; 星期五、11:00 到 20:00; 星期六、11:00 到 20:00; 星期日、11:00 到 20:00; 星期一、11:00 到 20:00; 星期二、11:00 到 20:00; 星期三、11:00 到 20:00. 隱藏本週營業時間,"24.8312698,121.0170006"
黑眼熊咖啡 Noirbear coffee 新竹 竹北店,https://lh3.googleusercontent.com/p/AF1QipPtITqmDb5DVKH1Fyh5konh0r0wYNG4vsI2-ifC=w122-h92-k-no,4.9,92,https://www.google.com.tw/maps/place/%E9%BB%91%E7%9C%BC%E7%86%8A%E5%92%96%E5%95%A1+Noirbear+coffee+%E6%96%B0%E7%AB%B9+%E7%AB%B9%E5%8C%97%E5%BA%97/data=!4m7!3m6!1s0x346837004223687f:0xd48af7258d5f86a8!8m2!3d24.820561!4d121.011746!16s%2Fg%2F11vwrl_22d!19sChIJf2gjQgA3aDQRqIZfjSX3itQ?authuser=0&hl=zh-TW&rclk=1,302新竹縣竹北市科大一路185號,星期四、08:30 到 17:00; 星期五、08:30 到 17:00; 星期六、08:30 到 17:00; 星期日、08:30 到 17:00; 星期一、08:30 到 17:00; 星期二、08:30 到 17:00; 星期三、休息. 隱藏本週營業時間,"24.820561,121.011746"
SRC北埔印象景觀庭園咖啡簡餐/早餐/午餐/下午茶/晚餐,https://lh3.googleusercontent.com/p/AF1QipPHRrOzQQ-mYYRQQZauTWKg8gDMu51u9zCagJgs=w122-h92-k-no,4.8,"9,080",https://www.google.com.tw/maps/place/SRC%E5%8C%97%E5%9F%94%E5%8D%B0%E8%B1%A1%E6%99%AF%E8%A7%80%E5%BA%AD%E5%9C%92%E5%92%96%E5%95%A1%E7%B0%A1%E9%A4%90%2F%E6%97%A9%E9%A4%90%2F%E5%8D%88%E9%A4%90%2F%E4%B8%8B%E5%8D%88%E8%8C%B6%2F%E6%99%9A%E9%A4%90/data=!4m10!3m9!1s0x346849b1805d7d45:0x1dd3feb80cedc583!5m2!4m1!1i2!8m2!3d24.7122837!4d121.0704847!16s%2Fg%2F11gsbbppf4!19sChIJRX1dgLFJaDQRg8XtDLj-0x0?authuser=0&hl=zh-TW&rclk=1,31442新竹縣北埔鄉水磜子4鄰50號,星期四、08:30 到 19:00; 星期五、08:30 到 19:00; 星期六、08:00 到 20:00; 星期日、08:00 到 20:00; 星期一、08:30 到 19:00; 星期二、08:30 到 19:00; 星期三、08:30 到 19:00. 隱藏本週營業時間,"24.7122837,121.0704847"
HWC黑沃咖啡 新竹竹北店,https://lh3.googleusercontent.com/p/AF1QipPp3CEynqpBMJEKo-dsW26I3L2Kf5_pRUSme4c=w122-h92-k-no,4.6,519,https://www.google.com.tw/maps/place/HWC%E9%BB%91%E6%B2%83%E5%92%96%E5%95%A1+%E6%96%B0%E7%AB%B9%E7%AB%B9%E5%8C%97%E5%BA%97/data=!4m7!3m6!1s0x346836e956884fd9:0x23b40bb0860de6c1!8m2!3d24.8320641!4d121.0107482!16s%2Fg%2F11g8ks085t!19sChIJ2U-IVuk2aDQRweYNhrALtCM?authuser=0&hl=zh-TW&rclk=1,302新竹縣竹北市文喜街27號,星期四、09:00 到 18:00; 星期五、09:00 到 18:00; 星期六、09:00 到 18:00; 星期日、09:00 到 18:00; 星期一、09:00 到 18:00; 星期二、09:00 到 18:00; 星期三、09:00 到 18:00. 隱藏本週營業時間,"24.8320641,121.0107482"
貓茶舍竹北咖啡廳/擼貓/甜點/貓咪認購,https://lh3.googleusercontent.com/p/AF1QipNfA7KkGUtRoOrUmtcfdqyCZOkEMVQaxtHGiV2m=w92-h92-k-no,4.9,458,https://www.google.com.tw/maps/place/%E8%B2%93%E8%8C%B6%E8%88%8D%E7%AB%B9%E5%8C%97%E5%92%96%E5%95%A1%E5%BB%B3%2F%E6%93%BC%E8%B2%93%2F%E7%94%9C%E9%BB%9E%2F%E8%B2%93%E5%92%AA%E8%AA%8D%E8%B3%BC/data=!4m7!3m6!1s0x3468371efd8eed0d:0x538ec5fe7e324341!8m2!3d24.8344666!4d121.0224858!16s%2Fg%2F11s2hdclh1!19sChIJDe2O_R43aDQRQUMyfv7FjlM?authuser=0&hl=zh-TW&rclk=1,302新竹縣竹北市十興路374號2 樓,星期四、12:00 到 18:00; 星期五、12:00 到 18:00; 星期六、12:00 到 18:00; 星期日、12:00 到 18:00; 星期一、12:00 到 18:00; 星期二、12:00 到 18:00; 星期三、12:00 到 18:00. 隱藏本週營業時間,"24.8344666,121.0224858"
二泉湖畔 咖啡民宿,https://lh3.googleusercontent.com/gps-proxy/ALd4DhHSpdacwC1EJ_J2HjlrXfrqbjYuOhuLDiiYDl0aC_M0VIC-r04N2HmVL1m2OQ7H6FfcSqZtyg_zP48YILRz2qXoeBkG76bqOuc6-2UKkCDwL0QFtdShwjuLnvzBtC4THPGVKaNl6abfwAhCsmENoUeJ-nN-6AXnkj8ZHdR5Rrw6xS7uc3NNGdURDg=w124-h92-k-no,4.3,"1,348",https://www.google.com.tw/maps/place/%E4%BA%8C%E6%B3%89%E6%B9%96%E7%95%94+%E5%92%96%E5%95%A1%E6%B0%91%E5%AE%BF/data=!4m10!3m9!1s0x34684c1e67136673:0xaca10b09e7ee933f!5m2!4m1!1i2!8m2!3d24.6755274!4d120.9855324!16s%2Fg%2F1vs1plrd!19sChIJc2YTZx5MaDQRP5Pu5wkLoaw?authuser=0&hl=zh-TW&rclk=1,,,"24.6755274,120.9855324"
小墊子咖啡甜點 ImMat Cafe,https://lh3.googleusercontent.com/p/AF1QipM28E-YQhX3VcwvQvG1bQwTVPWog83E0wnoSTmi=w80-h106-k-no,4.4,"1,075",https://www.google.com.tw/maps/place/%E5%B0%8F%E5%A2%8A%E5%AD%90%E5%92%96%E5%95%A1%E7%94%9C%E9%BB%9E+ImMat+Cafe/data=!4m7!3m6!1s0x346835daf12b8f07:0xbc37f0ad830438cd!8m2!3d24.8099131!4d120.9791689!16s%2Fg%2F11b6p1vl_t!19sChIJB48r8do1aDQRzTgEg63wN7w?authuser=0&hl=zh-TW&rclk=1,300新竹市東區三民路154號,星期四、13:00 到 18:30; 星期五、13:00 到 18:30; 星期六、13:00 到 18:30; 星期日、13:00 到 18:30; 星期一、休息; 星期二、13:00 到 18:30; 星期三、13:00 到 18:30. 隱藏本週營業時間,"24.8099131,120.9791689"
橋恩咖啡成功店JOINCOFFEE,https://lh3.googleusercontent.com/p/AF1QipOBUScDJv95RXKE27emFgsiUTqXOMMEa3YtnAH5=w80-h106-k-no,4.8,129,https://www.google.com.tw/maps/place/%E6%A9%8B%E6%81%A9%E5%92%96%E5%95%A1%E6%88%90%E5%8A%9F%E5%BA%97JOINCOFFEE/data=!4m7!3m6!1s0x3468379c84f14cdd:0x4b868b5e5a99f8ec!8m2!3d24.8195363!4d121.0262862!16s%2Fg%2F11l29rg018!19sChIJ3UzxhJw3aDQR7PiZWl6Lhks?authuser=0&hl=zh-TW&rclk=1,302新竹縣竹北市自強七街22號,星期四、10:00 到 18:00; 星期五、10:00 到 18:00; 星期六、09:30 到 17:30; 星期日、09:30 到 17:30; 星期一、10:00 到 18:00; 星期二、10:00 到 18:00; 星期三、10:00 到 18:00. 隱藏本週營業時間,"24.8195363,121.0262862"
蕨蕨｜植栽咖啡店(營業時間見IG),https://lh3.googleusercontent.com/p/AF1QipPdhCMFL0UABP-MoCa6Ma90kKAlj5ik0jOLIqIc=w122-h92-k-no,4.6,308,https://www.google.com.tw/maps/place/%E8%95%A8%E8%95%A8%EF%BD%9C%E6%A4%8D%E6%A0%BD%E5%92%96%E5%95%A1%E5%BA%97%28%E7%87%9F%E6%A5%AD%E6%99%82%E9%96%93%E8%A6%8BIG%29/data=!4m7!3m6!1s0x3468356be4ed296d:0x372a6e9e8183107d!8m2!3d24.812908!4d120.9646902!16s%2Fg%2F11g1lx8bp7!19sChIJbSnt5Gs1aDQRfRCDgZ5uKjc?authuser=0&hl=zh-TW&rclk=1,300017新竹市北區中正路284巷18號1樓,星期四、休息; 星期五、休息; 星期六、13:00 到 21:00; 星期日、13:00 到 21:00; 星期一、13:00 到 21:00; 星期二、13:00 到 21:00; 星期三、13:00 到 20:00. 隱藏本週營業時間,"24.812908,120.9646902"
翔頂咖啡,https://lh3.googleusercontent.com/p/AF1QipOKNZ9gJ_dqO9ZW7ELevGd4DamZ8bpwDU_OA8Rg=w122-h92-k-no,4.5,31,https://www.google.com.tw/maps/place/%E7%BF%94%E9%A0%82%E5%92%96%E5%95%A1/data=!4m7!3m6!1s0x346836f8bce2bea1:0x1f3d39f80bff1225!8m2!3d24.8118964!4d121.0265262!16s%2Fg%2F11g6p2d8tg!19sChIJob7ivPg2aDQRJRL_C_g5PR8?authuser=0&hl=zh-TW&rclk=1,302新竹縣竹北市文興路一段121號號,星期四、09:30 到 18:00; 星期五、09:30 到 18:00; 星期六、09:30 到 18:00; 星期日、09:30 到 18:00; 星期一、休息; 星期二、09:30 到 18:00; 星期三、09:30 到 18:00. 隱藏本週營業時間,"24.8118964,121.0265262"
森園樹屋咖啡莊園《新豐烤肉區》寵物友善｜聚餐餐廳｜親子餐廳｜休閒農場小木屋｜網美打卡餐廳,https://lh3.googleusercontent.com/p/AF1QipMN4pHMEBDKJgrCPtBiBTSuj8TPLfnzzwajxK0=w163-h92-k-no,4.3,446,https://www.google.com.tw/maps/place/%E6%A3%AE%E5%9C%92%E6%A8%B9%E5%B1%8B%E5%92%96%E5%95%A1%E8%8E%8A%E5%9C%92%E3%80%8A%E6%96%B0%E8%B1%90%E7%83%A4%E8%82%89%E5%8D%80%E3%80%8B%E5%AF%B5%E7%89%A9%E5%8F%8B%E5%96%84%EF%BD%9C%E8%81%9A%E9%A4%90%E9%A4%90%E5%BB%B3%EF%BD%9C%E8%A6%AA%E5%AD%90%E9%A4%90%E5%BB%B3%EF%BD%9C%E4%BC%91%E9%96%92%E8%BE%B2%E5%A0%B4%E5%B0%8F%E6%9C%A8%E5%B1%8B%EF%BD%9C%E7%B6%B2%E7%BE%8E%E6%89%93%E5%8D%A1%E9%A4%90%E5%BB%B3/data=!4m7!3m6!1s0x34683150caf996db:0x820a3b58fa0243a2!8m2!3d24.8694009!4d120.9842289!16s%2Fg%2F11c6sl1p5r!19sChIJ25b5ylAxaDQRokMC-lg7CoI?authuser=0&hl=zh-TW&rclk=1,,,"24.8694009,120.9842289"
6號花園,https://lh3.googleusercontent.com/p/AF1QipMrFbd4UR4WugajVIAx-pg0FjMp0YKt8LbLjTuq=w162-h92-k-no,4.4,"2,449",https://www.google.com.tw/maps/place/6%E8%99%9F%E8%8A%B1%E5%9C%92/data=!4m7!3m6!1s0x34683ffc47237be7:0xbd221e016ead080b!8m2!3d24.7171862!4d121.2557522!16s%2Fg%2F1pzslc_9k!19sChIJ53sjR_w_aDQRCwitbgEeIr0?authuser=0&hl=zh-TW&rclk=1,313新竹縣尖石鄉部落 (120縣道35公里右轉上山5公里,星期四、10:00 到 17:30; 星期五、10:00 到 17:30; 星期六、10:00 到 17:30; 星期日、10:00 到 17:30; 星期一、10:00 到 17:30; 星期二、休息; 星期三、休息. 隱藏本週營業時間,"24.7171862,121.2557522"
北角森林 - 河狸咖啡館,https://lh3.googleusercontent.com/p/AF1QipNswU-Z4aNxvSzr_6wFZ14w_rGjgAe4fc4OW8A5=w118-h92-k-no,4.6,180,https://www.google.com.tw/maps/place/%E5%8C%97%E8%A7%92%E6%A3%AE%E6%9E%97+-+%E6%B2%B3%E7%8B%B8%E5%92%96%E5%95%A1%E9%A4%A8/data=!4m7!3m6!1s0x3468417901962bf5:0x40291e6379370096!8m2!3d24.6973102!4d121.1960319!16s%2Fg%2F11jcx_5jd7!19sChIJ9SuWAXlBaDQRlgA3eWMeKUA?authuser=0&hl=zh-TW&rclk=1,,,"24.6973102,121.1960319"
布雷克咖啡,https://lh3.googleusercontent.com/p/AF1QipO9JyaTyj77Eb5vMQSL8CCOBC7lMxTCQDkmhG23=w122-h92-k-no,4.3,144,https://www.google.com.tw/maps/place/%E5%B8%83%E9%9B%B7%E5%85%8B%E5%92%96%E5%95%A1/data=!4m7!3m6!1s0x34683121100d0c7d:0xcc9d3b4f7133c619!8m2!3d24.8708647!4d121.0298886!16s%2Fg%2F1tfdwlf4!19sChIJfQwNECExaDQRGcYzcU87ncw?authuser=0&hl=zh-TW&rclk=1,303新竹縣湖口鄉安宅四街7號,星期四、08:00 到 20:00; 星期五、08:00 到 20:00; 星期六、休息; 星期日、休息; 星期一、08:00 到 20:00; 星期二、08:00 到 20:00; 星期三、08:00 到 20:00. 隱藏本週營業時間,"24.8708647,121.0298886"
漫漫仔（營業時間請看IG),https://lh3.googleusercontent.com/p/AF1QipNak6WpJCyf55eMqPFc3PAhmed9XfxqdpaV-Xjb=w163-h92-k-no,4.9,43,https://www.google.com.tw/maps/place/%E6%BC%AB%E6%BC%AB%E4%BB%94%EF%BC%88%E7%87%9F%E6%A5%AD%E6%99%82%E9%96%93%E8%AB%8B%E7%9C%8BIG%29/data=!4m7!3m6!1s0x34683781a618b72f:0x85589a0421addd16!8m2!3d24.8347496!4d121.0182452!16s%2Fg%2F11l2vv40gd!19sChIJL7cYpoE3aDQRFt2tIQSaWIU?authuser=0&hl=zh-TW&rclk=1,302新竹縣竹北市三民路12號,星期四、10:00 到 20:00; 星期五、10:00 到 20:00; 星期六、10:00 到 20:00; 星期日、休息; 星期一、10:00 到 20:00; 星期二、10:00 到 20:00; 星期三、10:00 到 20:00. 隱藏本週營業時間,"24.8347496,121.0182452"
意若思咖啡,https://lh3.googleusercontent.com/p/AF1QipO8qAsZ3cm0p5-7IZG4kfpU6lCh6NNdCVaInP9n=w122-h92-k-no,4.7,171,https://www.google.com.tw/maps/place/%E6%84%8F%E8%8B%A5%E6%80%9D%E5%92%96%E5%95%A1/data=!4m7!3m6!1s0x34683654973d4adb:0xc8348828ebbdceb6!8m2!3d24.8052923!4d121.0317069!16s%2Fg%2F11g6x9_099!19sChIJ20o9l1Q2aDQRts696yiINMg?authuser=0&hl=zh-TW&rclk=1,302新竹縣竹北市嘉政七街82 號1 樓,星期四、11:00 到 17:00; 星期五、11:00 到 17:00; 星期六、09:00 到 18:00; 星期日、09:00 到 18:00; 星期一、11:00 到 17:00; 星期二、休息; 星期三、11:00 到 17:00. 隱藏本週營業時間,"24.8052923,121.0317069"
達利自家烘焙咖啡館,https://lh3.googleusercontent.com/p/AF1QipPSWSLRILt5odKSIhBkUgvJpJy_TXKUndI8_YGT=w138-h92-k-no,4.6,199,https://www.google.com.tw/maps/place/%E9%81%94%E5%88%A9%E8%87%AA%E5%AE%B6%E7%83%98%E7%84%99%E5%92%96%E5%95%A1%E9%A4%A8/data=!4m7!3m6!1s0x346836eb10a471cd:0x6b81eac200002a93!8m2!3d24.8324282!4d121.0123538!16s%2Fg%2F1tz93h6d!19sChIJzXGkEOs2aDQRkyoAAMLqgWs?authuser=0&hl=zh-TW&rclk=1,30259新竹縣竹北市建國街37號,星期四、10:00 到 18:00; 星期五、10:00 到 18:00; 星期六、10:00 到 17:00; 星期日、休息; 星期一、10:00 到 18:00; 星期二、10:00 到 18:00; 星期三、10:00 到 18:00. 隱藏本週營業時間,"24.8324282,121.0123538"
Losir復古車咖啡莊園,https://lh3.googleusercontent.com/p/AF1QipMPellYHAXwxoQ-k-CTBlBJ09V5TCPMjn7o1UE8=w122-h92-k-no,4.2,295,https://www.google.com.tw/maps/place/Losir%E5%BE%A9%E5%8F%A4%E8%BB%8A%E5%92%96%E5%95%A1%E8%8E%8A%E5%9C%92/data=!4m7!3m6!1s0x346848ed37074767:0x9e96fd71177c449a!8m2!3d24.7067776!4d121.0558352!16s%2Fg%2F1pzw2dbm7!19sChIJZ0cHN-1IaDQRmkR8F3H9lp4?authuser=0&hl=zh-TW&rclk=1,314新竹縣北埔鄉8鄰10-3號1F,星期四、10:00 到 17:00; 星期五、10:00 到 17:00; 星期六、10:00 到 18:00; 星期日、10:00 到 18:00; 星期一、休息; 星期二、休息; 星期三、10:00 到 17:00. 隱藏本週營業時間,"24.7067776,121.0558352"
半畝院子,https://lh3.googleusercontent.com/p/AF1QipNSBDnyBUIzxskndXZKJvYvdi9-f1M87oonDTXp=w122-h92-k-no,4.2,934,https://www.google.com.tw/maps/place/%E5%8D%8A%E7%95%9D%E9%99%A2%E5%AD%90/data=!4m7!3m6!1s0x34683701a6cbfa21:0x4a8187c7a1422de5!8m2!3d24.8125326!4d121.0362953!16s%2Fg%2F11b7qrh1wn!19sChIJIfrLpgE3aDQR5S1CoceHgUo?authuser=0&hl=zh-TW&rclk=1,302新竹縣竹北市光明六路東二段381號,星期四、11:00 到 18:00; 星期五、11:00 到 18:00; 星期六、11:00 到 18:00; 星期日、11:00 到 18:00; 星期一、11:00 到 18:00; 星期二、11:00 到 18:00; 星期三、11:00 到 18:00. 隱藏本週營業時間,"24.8125326,121.0362953"
HWC黑沃咖啡 竹北縣政店《歡迎電話預訂》,https://lh3.googleusercontent.com/p/AF1QipOI21L7n3Rxis0O5kk-otjq0ARpPiNH_u5R8aXn=w138-h92-k-no,4.5,106,https://www.google.com.tw/maps/place/HWC%E9%BB%91%E6%B2%83%E5%92%96%E5%95%A1+%E7%AB%B9%E5%8C%97%E7%B8%A3%E6%94%BF%E5%BA%97%E3%80%8A%E6%AD%A1%E8%BF%8E%E9%9B%BB%E8%A9%B1%E9%A0%90%E8%A8%82%E3%80%8B/data=!4m7!3m6!1s0x3468375cd83cc5dd:0xb5293724e21b5553!8m2!3d24.8232985!4d121.014018!16s%2Fg%2F11rrs0ny07!19sChIJ3cU82Fw3aDQRU1Ub4iQ3KbU?authuser=0&hl=zh-TW&rclk=1,302新竹縣竹北市縣政二路47號,星期四、07:00 到 17:00; 星期五、07:00 到 17:00; 星期六、08:30 到 17:00; 星期日、08:30 到 17:00; 星期一、07:00 到 17:00; 星期二、07:00 到 17:00; 星期三、07:00 到 17:00. 隱藏本週營業時間,"24.8232985,121.014018"
數碼天空景觀餐廳,https://lh3.googleusercontent.com/p/AF1QipM5Uao__nK6W7XnokZfsaZVU1nXz82KN-fj1v8X=w122-h92-k-no,3.9,"3,076",https://www.google.com.tw/maps/place/%E6%95%B8%E7%A2%BC%E5%A4%A9%E7%A9%BA%E6%99%AF%E8%A7%80%E9%A4%90%E5%BB%B3/data=!4m7!3m6!1s0x3468155f68219d97:0xbf3f1e1b405816d9!8m2!3d24.7067958!4d121.2634259!16s%2Fg%2F1tfvqpzh!19sChIJl50haF8VaDQR2RZYQBseP78?authuser=0&hl=zh-TW&rclk=1,31342新竹縣尖石鄉煤源10鄰145之1號,星期四、10:00 到 18:00; 星期五、10:00 到 18:00; 星期六、10:00 到 18:00; 星期日、10:00 到 18:00; 星期一、10:00 到 18:00; 星期二、10:00 到 18:00; 星期三、10:00 到 18:00. 隱藏本週營業時間,"24.7067958,121.2634259"
歲月靜好咖啡館(一組最多4位/無訂位),https://lh3.googleusercontent.com/p/AF1QipOyhXnRP2WgpNxaTGeZDJOfzmItKO3lGYXDeq1g=w80-h92-k-no,4.5,263,https://www.google.com.tw/maps/place/%E6%AD%B2%E6%9C%88%E9%9D%9C%E5%A5%BD%E5%92%96%E5%95%A1%E9%A4%A8%28%E4%B8%80%E7%B5%84%E6%9C%80%E5%A4%9A4%E4%BD%8D%2F%E7%84%A1%E8%A8%82%E4%BD%8D%29/data=!4m7!3m6!1s0x34683712d53269fb:0x99d96a9fbe51e4ad!8m2!3d24.8179855!4d121.0284832!16s%2Fg%2F11mhhbx86x!19sChIJ-2ky1RI3aDQRreRRvp9q2Zk?authuser=0&hl=zh-TW&rclk=1,302新竹縣竹北市嘉興路239號,星期四、12:00 到 19:00; 星期五、12:00 到 19:00; 星期六、12:00 到 19:00; 星期日、12:00 到 18:00; 星期一、12:00 到 19:00; 星期二、休息; 星期三、休息. 隱藏本週營業時間,"24.8179855,121.0284832"
遷徙咖啡民宿｜咖啡廳、餐廳、蛋糕下午茶 對外開放｜訂房請至fb私訊,https://lh3.googleusercontent.com/p/AF1QipNkrLhkrliAjEio-n4iQ97MT0HI-EOFsL5L-F-H=w122-h92-k-no,4.7,423,https://www.google.com.tw/maps/place/%E9%81%B7%E5%BE%99%E5%92%96%E5%95%A1%E6%B0%91%E5%AE%BF%EF%BD%9C%E5%92%96%E5%95%A1%E5%BB%B3%E3%80%81%E9%A4%90%E5%BB%B3%E3%80%81%E8%9B%8B%E7%B3%95%E4%B8%8B%E5%8D%88%E8%8C%B6+%E5%B0%8D%E5%A4%96%E9%96%8B%E6%94%BE%EF%BD%9C%E8%A8%82%E6%88%BF%E8%AB%8B%E8%87%B3fb%E7%A7%81%E8%A8%8A/data=!4m10!3m9!1s0x346840c8d23a33d1:0xdcdcc7ece5d0f39a!5m2!4m1!1i2!8m2!3d24.7068988!4d121.1802207!16s%2Fg%2F11byx8c1jy!19sChIJ0TM60shAaDQRmvPQ5ezH3Nw?authuser=0&hl=zh-TW&rclk=1,312新竹縣橫山鄉和平街18號,星期四、11:30 到 17:00; 星期五、11:30 到 17:00; 星期六、11:00 到 18:30; 星期日、10:30 到 18:00; 星期一、11:00 到 17:00; 星期二、11:30 到 17:00; 星期三、11:30 到 17:00. 隱藏本週營業時間,"24.7068988,121.1802207"
橘時咖啡新竹關新店,https://lh3.googleusercontent.com/p/AF1QipMU42iFXVblon8yiNkjbi1-ECuGAW5cKM_zjstW=w122-h92-k-no,4.4,555,https://www.google.com.tw/maps/place/%E6%A9%98%E6%99%82%E5%92%96%E5%95%A1%E6%96%B0%E7%AB%B9%E9%97%9C%E6%96%B0%E5%BA%97/data=!4m7!3m6!1s0x346837ff96d46257:0x9b3c3d4df3622a1b!8m2!3d24.7854171!4d121.0184011!16s%2Fg%2F11t6r08q8w!19sChIJV2LUlv83aDQRGypi8009PJs?authuser=0&hl=zh-TW&rclk=1,300新竹市東區關新路45號,星期四、10:00 到 20:00; 星期五、10:00 到 20:00; 星期六、08:00 到 20:00; 星期日、08:00 到 20:00; 星期一、10:00 到 20:00; 星期二、10:00 到 20:00; 星期三、10:00 到 20:00. 隱藏本週營業時間,"24.7854171,121.0184011"
Go Art Cafe,https://lh3.googleusercontent.com/p/AF1QipMVvRNnS1DFSwuWEAN9Qp0k3pgKEFmEVWV-kQTv=w122-h92-k-no,3.7,195,https://www.google.com.tw/maps/place/Go+Art+Cafe/data=!4m7!3m6!1s0x346837e51dc143e5:0xea3f52d5913296e2!8m2!3d24.8160464!4d121.028717!16s%2Fg%2F11q40ml6z2!19sChIJ5UPBHeU3aDQR4pYykdVSP-o?authuser=0&hl=zh-TW&rclk=1,302新竹縣竹北市嘉豐一街73號,星期四、12:00 到 21:00; 星期五、12:00 到 21:00; 星期六、12:00 到 21:00; 星期日、12:00 到 21:00; 星期一、12:00 到 21:00; 星期二、12:00 到 21:00; 星期三、12:00 到 21:00. 隱藏本週營業時間,"24.8160464,121.028717"
貓角落 CAT Corner【本店無貓/貓咪友善/非親子餐廳】,https://lh3.googleusercontent.com/p/AF1QipNym7SspFenc22hsi2bwFeXL4Tv_bXKT0Lnyxma=w122-h92-k-no,4.8,"1,910",https://www.google.com.tw/maps/place/%E8%B2%93%E8%A7%92%E8%90%BD+CAT+Corner%E3%80%90%E6%9C%AC%E5%BA%97%E7%84%A1%E8%B2%93%2F%E8%B2%93%E5%92%AA%E5%8F%8B%E5%96%84%2F%E9%9D%9E%E8%A6%AA%E5%AD%90%E9%A4%90%E5%BB%B3%E3%80%91/data=!4m7!3m6!1s0x34683657b517ab73:0x96abcb1b2acf6beb!8m2!3d24.810125!4d121.0248831!16s%2Fg%2F11dyzls33y!19sChIJc6sXtVc2aDQR62vPKhvLq5Y?authuser=0&hl=zh-TW&rclk=1,302新竹縣竹北市六家五路一段101號,星期四、休息; 星期五、11:00 到 20:00; 星期六、11:00 到 20:00; 星期日、11:00 到 20:00; 星期一、11:00 到 20:00; 星期二、11:00 到 20:00; 星期三、11:00 到 20:00. 隱藏本週營業時間,"24.810125,121.0248831"
MERRY CAFE 洋食專賣店,https://lh3.googleusercontent.com/p/AF1QipPsyuSAG5BeF6boPFBSjcf5epf9Vfk8iGDjeFM4=w80-h106-k-no,4.4,36,https://www.google.com.tw/maps/place/MERRY+CAFE+%E6%B4%8B%E9%A3%9F%E5%B0%88%E8%B3%A3%E5%BA%97/data=!4m7!3m6!1s0x3468378d7a04a4cd:0x419ac4dbd004df5!8m2!3d24.8091981!4d121.0246036!16s%2Fg%2F11s52yldlt!19sChIJzaQEeo03aDQR9U0AvU2sGQQ?authuser=0&hl=zh-TW&rclk=1,302新竹縣竹北市六家七路6號,星期四、11:00 到 22:00; 星期五、11:00 到 22:00; 星期六、11:00 到 22:00; 星期日、休息; 星期一、休息; 星期二、11:00 到 22:00; 星期三、11:00 到 22:00. 隱藏本週營業時間,"24.8091981,121.0246036"
天の堂景觀咖啡,https://lh3.googleusercontent.com/p/AF1QipPsRVRpXYNDehKPkgMqIgVRBSFCu7HQkizNREVI=w80-h106-k-no,4.0,624,https://www.google.com.tw/maps/place/%E5%A4%A9%E3%81%AE%E5%A0%82%E6%99%AF%E8%A7%80%E5%92%96%E5%95%A1/data=!4m7!3m6!1s0x34683182bdf9f5c5:0xff84c0f18da75a31!8m2!3d24.8666637!4d120.9792553!16s%2Fg%2F1tfl7dds!19sChIJxfX5vYIxaDQRMVqnjfHAhP8?authuser=0&hl=zh-TW&rclk=1,304新竹縣新豐鄉德昌街226號,星期四、17:00 到 01:00; 星期五、17:00 到 00:00; 星期六、17:00 到 02:00; 星期日、17:00 到 02:00; 星期一、17:00 到 01:00; 星期二、17:00 到 01:00; 星期三、17:00 到 01:00. 隱藏本週營業時間,"24.8666637,120.9792553"
W12 Cafe Tea Room 西十二區,https://lh3.googleusercontent.com/p/AF1QipP42D1BtG30t6shctvjadW-p38aFQJFGihtUE7j=w122-h92-k-no,4.8,236,https://www.google.com.tw/maps/place/W12+Cafe+Tea+Room+%E8%A5%BF%E5%8D%81%E4%BA%8C%E5%8D%80/data=!4m7!3m6!1s0x3468370038c6606f:0xb6bdce6cf60540ad!8m2!3d24.8309832!4d121.0231621!16s%2Fg%2F11sfh53n0f!19sChIJb2DGOAA3aDQRrUAF9mzOvbY?authuser=0&hl=zh-TW&rclk=1,302新竹縣竹北市十興路305巷13弄73號,星期四、休息; 星期五、11:00 到 18:00; 星期六、11:00 到 18:00; 星期日、11:00 到 18:00; 星期一、11:00 到 18:00; 星期二、休息; 星期三、休息. 隱藏本週營業時間,"24.8309832,121.0231621"
6+ 塔派·咖啡·好時光,https://lh3.googleusercontent.com/p/AF1QipNTfMvBOMYY6E8Kp7s0RV0e9IXLV84QIrvD7T9z=w122-h92-k-no,4.7,375,https://www.google.com.tw/maps/place/6%2B+%E5%A1%94%E6%B4%BE%C2%B7%E5%92%96%E5%95%A1%C2%B7%E5%A5%BD%E6%99%82%E5%85%89/data=!4m7!3m6!1s0x346836fcc0d048cb:0x4ce45ce5151b1712!8m2!3d24.8199783!4d121.02961!16s%2Fg%2F11c2pw5_kt!19sChIJy0jQwPw2aDQREhcbFeVc5Ew?authuser=0&hl=zh-TW&rclk=1,302新竹縣竹北市東興路一段19號,星期四、11:30 到 17:30; 星期五、11:30 到 17:30; 星期六、10:30 到 18:30; 星期日、10:30 到 18:30; 星期一、11:30 到 17:30; 星期二、11:30 到 17:30; 星期三、11:30 到 17:30. 隱藏本週營業時間,"24.8199783,121.02961"
江山藝改所 Jiang Shan Yi Gai Suo,https://lh3.googleusercontent.com/p/AF1QipNyYarVnqid0-3w9jIbdLoynNGaxhxfpdUDzkvE=w122-h92-k-no,4.5,686,https://www.google.com.tw/maps/place/%E6%B1%9F%E5%B1%B1%E8%97%9D%E6%94%B9%E6%89%80+Jiang+Shan+Yi+Gai+Suo/data=!4m7!3m6!1s0x346835bff6e04233:0xcf6898adc479ee5e!8m2!3d24.7991728!4d120.9659183!16s%2Fg%2F12qf8gkgr!19sChIJM0Lg9r81aDQRXu55xK2YaM8?authuser=0&hl=zh-TW&rclk=1,300新竹市東區興達街1號,星期四、15:00 到 22:00; 星期五、休息; 星期六、14:00 到 22:00; 星期日、14:00 到 22:00; 星期一、15:00 到 22:00; 星期二、15:00 到 22:00; 星期三、休息. 隱藏本週營業時間,"24.7991728,120.9659183"
吉森咖啡•烘豆坊(全年無休)如未開店請來電告知,https://lh3.googleusercontent.com/p/AF1QipPmTWVRNjwV2r4l0L7FdCz6ZHl1McoP0Rz14WKr=w122-h92-k-no,5.0,192,https://www.google.com.tw/maps/place/%E5%90%89%E6%A3%AE%E5%92%96%E5%95%A1%E2%80%A2%E7%83%98%E8%B1%86%E5%9D%8A%28%E5%85%A8%E5%B9%B4%E7%84%A1%E4%BC%91%29%E5%A6%82%E6%9C%AA%E9%96%8B%E5%BA%97%E8%AB%8B%E4%BE%86%E9%9B%BB%E5%91%8A%E7%9F%A5/data=!4m7!3m6!1s0x3468317e67ae496b:0x9c82eb02d8a79091!8m2!3d24.8675455!4d120.9894743!16s%2Fg%2F11knnsg79y!19sChIJa0muZ34xaDQRkZCn2ALrgpw?authuser=0&hl=zh-TW&rclk=1,304新竹縣新豐鄉康樂路一段144之1號,星期四、11:00 到 21:00; 星期五、11:00 到 21:00; 星期六、11:00 到 21:00; 星期日、11:00 到 21:00; 星期一、11:00 到 21:00; 星期二、11:00 到 21:00; 星期三、11:00 到 21:00. 隱藏本週營業時間,"24.8675455,120.9894743"
新竹-梅后秘境景觀咖啡廳(梅后蔓瀑布),https://lh3.googleusercontent.com/p/AF1QipOzK5mmzI0QxzvNaEJTilN0MQVfaJb7jJyh2Cm1=w122-h92-k-no,4.4,213,https://www.google.com.tw/maps/place/%E6%96%B0%E7%AB%B9-%E6%A2%85%E5%90%8E%E7%A7%98%E5%A2%83%E6%99%AF%E8%A7%80%E5%92%96%E5%95%A1%E5%BB%B3%28%E6%A2%85%E5%90%8E%E8%94%93%E7%80%91%E5%B8%83%29/data=!4m7!3m6!1s0x3468450e007c7845:0x7b2e4b8c474d5007!8m2!3d24.6512431!4d121.157142!16s%2Fg%2F11t79sh8tz!19sChIJRXh8AA5FaDQRB1BNR4xLLns?authuser=0&hl=zh-TW&rclk=1,311新竹縣五峰鄉,星期四、10:00 到 16:00; 星期五、10:00 到 16:00; 星期六、09:30 到 17:00; 星期日、09:30 到 17:00; 星期一、休息; 星期二、休息; 星期三、休息. 隱藏本週營業時間,"24.6512431,121.157142"
WillHsu Cafe 竹北旗艦店 (POLO主題餐廳),https://lh3.googleusercontent.com/p/AF1QipMbZzIaceOlAbfK2aZO9DjlJCFdXfNNemOEwccT=w80-h106-k-no,4.2,"1,190",https://www.google.com.tw/maps/place/WillHsu+Cafe+%E7%AB%B9%E5%8C%97%E6%97%97%E8%89%A6%E5%BA%97+%28POLO%E4%B8%BB%E9%A1%8C%E9%A4%90%E5%BB%B3%29/data=!4m7!3m6!1s0x346836c3437bd319:0xe1390da0a0604ab7!8m2!3d24.838244!4d121.020867!16s%2Fg%2F11dybjzzjg!19sChIJGdN7Q8M2aDQRt0pgoKANOeE?authuser=0&hl=zh-TW&rclk=1,302新竹縣竹北市環北路一段105號,星期四、09:00 到 21:00; 星期五、09:00 到 21:00; 星期六、09:00 到 21:00; 星期日、09:00 到 21:00; 星期一、09:00 到 21:00; 星期二、09:00 到 21:00; 星期三、09:00 到 21:00. 隱藏本週營業時間,"24.838244,121.020867"
壹柒零珈琲,https://lh3.googleusercontent.com/p/AF1QipOcEHTbWoRIu5mm_FNa496X4-D6DjWKpNlILxYC=w122-h92-k-no,5.0,47,https://www.google.com.tw/maps/place/%E5%A3%B9%E6%9F%92%E9%9B%B6%E7%8F%88%E7%90%B2/data=!4m7!3m6!1s0x3468371b364af1f5:0x7298de8280888ee1!8m2!3d24.8381964!4d121.0006705!16s%2Fg%2F11rn0r216l!19sChIJ9fFKNhs3aDQR4Y6IgILemHI?authuser=0&hl=zh-TW&rclk=1,302新竹縣竹北市華興街237號,星期四、10:00 到 16:30; 星期五、10:00 到 16:30; 星期六、休息; 星期日、休息; 星期一、休息; 星期二、休息; 星期三、休息. 隱藏本週營業時間,"24.8381964,121.0006705"
106 CAFE 秀婕咖啡,https://lh3.googleusercontent.com/p/AF1QipPwsmcU5dSwfOHQQgnw-9aMG9g0jkbxAmfjs-YQ=w122-h92-k-no,4.8,44,https://www.google.com.tw/maps/place/106+CAFE+%E7%A7%80%E5%A9%95%E5%92%96%E5%95%A1/data=!4m7!3m6!1s0x346839ef8c94d575:0x8354865d812ac628!8m2!3d24.8120516!4d121.027235!16s%2Fg%2F11c5xg1jvr!19sChIJddWUjO85aDQRKMYqgV2GVIM?authuser=0&hl=zh-TW&rclk=1,302新竹縣竹北市文興路一段123號,星期四、11:00 到 18:00; 星期五、11:00 到 18:00; 星期六、11:00 到 18:00; 星期日、11:00 到 18:00; 星期一、休息; 星期二、11:00 到 18:00; 星期三、11:00 到 18:00. 隱藏本週營業時間,"24.8120516,121.027235"
FIKA新竹店,https://lh3.googleusercontent.com/p/AF1QipNPGOKg1Xxsni6MiOU_bXyHF1bVKBQdQPRH9WrR=w80-h106-k-no,4.7,135,https://www.google.com.tw/maps/place/FIKA%E6%96%B0%E7%AB%B9%E5%BA%97/data=!4m7!3m6!1s0x3468476dc7ef3475:0x33aff71c71db2024!8m2!3d24.7407757!4d121.0860683!16s%2Fg%2F11ghn68n50!19sChIJdTTvx21HaDQRJCDbcRz3rzM?authuser=0&hl=zh-TW&rclk=1,310新竹縣竹東鎮長春路三段38號,星期四、09:00 到 18:00; 星期五、09:00 到 18:00; 星期六、09:00 到 18:00; 星期日、09:00 到 12:00; 星期一、09:00 到 18:00; 星期二、09:00 到 18:00; 星期三、09:00 到 18:00. 隱藏本週營業時間,"24.7407757,121.0860683"
內灣野人山丘咖啡館,https://lh3.googleusercontent.com/p/AF1QipNs2xcBo9XsBwHNYr7mgcOVHQo-o-14tk5ijWsP=w122-h92-k-no,4.7,342,https://www.google.com.tw/maps/place/%E5%85%A7%E7%81%A3%E9%87%8E%E4%BA%BA%E5%B1%B1%E4%B8%98%E5%92%96%E5%95%A1%E9%A4%A8/data=!4m7!3m6!1s0x346840c54ce0e6cb:0xb2b37cd9a44ce7d0!8m2!3d24.7013111!4d121.1819583!16s%2Fg%2F11c3vth0mv!19sChIJy-bgTMVAaDQR0OdMpNl8s7I?authuser=0&hl=zh-TW&rclk=1,312新竹縣橫山鄉,星期四、11:00 到 18:00; 星期五、11:00 到 18:00; 星期六、10:00 到 18:00; 星期日、10:00 到 18:00; 星期一、11:00 到 18:00; 星期二、11:00 到 18:00; 星期三、11:00 到 18:00. 隱藏本週營業時間,"24.7013111,121.1819583"
傳香咖啡,https://lh3.googleusercontent.com/p/AF1QipPWq-ULX8bxqSsvUmzBmSmRQWioCHS_4sBqGAn4=w122-h92-k-no,5.0,29,https://www.google.com.tw/maps/place/%E5%82%B3%E9%A6%99%E5%92%96%E5%95%A1/data=!4m7!3m6!1s0x346837bb1303618f:0x95df01bce0b29e7!8m2!3d24.8269522!4d121.0129672!16s%2Fg%2F11sw451m4x!19sChIJj2EDE7s3aDQR5ykLzhvwXQk?authuser=0&hl=zh-TW&rclk=1,"B1 No, No. 10號光明六路竹北市新竹縣302",星期四、08:30 到 15:00; 星期五、08:00 到 15:00; 星期六、休息; 星期日、休息; 星期一、08:00 到 15:00; 星期二、08:00 到 15:00; 星期三、08:00 到 15:00. 隱藏本週營業時間,"24.8269522,121.0129672"
達利咖啡二號店Gala Coffee,https://lh3.googleusercontent.com/p/AF1QipOXOtZv7ahlOVlAxNUJc8rzYfpkDUt6X5TJkFwo=w80-h106-k-no,4.6,109,https://www.google.com.tw/maps/place/%E9%81%94%E5%88%A9%E5%92%96%E5%95%A1%E4%BA%8C%E8%99%9F%E5%BA%97Gala+Coffee/data=!4m7!3m6!1s0x34683703078043f5:0x480764fd7367b87b!8m2!3d24.8204732!4d121.0226245!16s%2Fg%2F11f8dqxzz8!19sChIJ9UOABwM3aDQRe7hnc_1kB0g?authuser=0&hl=zh-TW&rclk=1,302新竹縣竹北市成功二街15號,星期四、09:00 到 17:00; 星期五、09:00 到 17:00; 星期六、09:00 到 17:00; 星期日、09:00 到 17:00; 星期一、休息; 星期二、09:00 到 17:00; 星期三、09:00 到 17:00. 隱藏本週營業時間,"24.8204732,121.0226245"
Emei Lakeside Restaurant,https://lh3.googleusercontent.com/p/AF1QipNP54TuBjePzEEc6JpOLgG9NMAoZzvO1HauePuz=w163-h92-k-no,4.1,490,https://www.google.com.tw/maps/place/Emei+Lakeside+Restaurant/data=!4m7!3m6!1s0x34684c1e63286747:0xf1bfabe14936dd68!8m2!3d24.6758365!4d120.9854812!16s%2Fg%2F1twyx86w!19sChIJR2coYx5MaDQRaN02SeGrv_E?authuser=0&hl=zh-TW&rclk=1,315新竹縣峨眉鄉,星期四、休息; 星期五、12:00 到 17:00; 星期六、10:30 到 18:00; 星期日、10:30 到 18:00; 星期一、12:00 到 17:00; 星期二、12:00 到 17:00; 星期三、12:00 到 17:00. 隱藏本週營業時間,"24.6758365,120.9854812"
十九又二分之一咖啡館,https://lh3.googleusercontent.com/p/AF1QipOQy4CoJ0nmejcIdiHopoHXi3GZDqBQg4EmBDpW=w80-h106-k-no,4.6,98,https://www.google.com.tw/maps/place/%E5%8D%81%E4%B9%9D%E5%8F%88%E4%BA%8C%E5%88%86%E4%B9%8B%E4%B8%80%E5%92%96%E5%95%A1%E9%A4%A8/data=!4m7!3m6!1s0x346836e4baa46ba3:0x76e9919dece57238!8m2!3d24.8224335!4d121.026338!16s%2Fg%2F11c549qyq9!19sChIJo2ukuuQ2aDQROHLl7J2R6XY?authuser=0&hl=zh-TW&rclk=1,302新竹縣竹北市莊敬五街43號,星期四、07:00 到 17:00; 星期五、07:00 到 17:00; 星期六、07:00 到 17:00; 星期日、休息; 星期一、07:00 到 17:00; 星期二、07:00 到 17:00; 星期三、07:00 到 17:00. 隱藏本週營業時間,"24.8224335,121.026338"
曙光沐屋HIKARU|竹北寵物友善餐廳|貓咪中途|可落地,https://lh3.googleusercontent.com/p/AF1QipNZP25dNTXlvgbnVPIfCP8S-qcU7U9KUOcQilOO=w122-h92-k-no,4.8,254,https://www.google.com.tw/maps/place/%E6%9B%99%E5%85%89%E6%B2%90%E5%B1%8BHIKARU%7C%E7%AB%B9%E5%8C%97%E5%AF%B5%E7%89%A9%E5%8F%8B%E5%96%84%E9%A4%90%E5%BB%B3%7C%E8%B2%93%E5%92%AA%E4%B8%AD%E9%80%94%7C%E5%8F%AF%E8%90%BD%E5%9C%B0/data=!4m7!3m6!1s0x3468351f5c403ee1:0xa11fb0763db690e6!8m2!3d24.8315248!4d121.0142298!16s%2Fg%2F11s4tn9bvx!19sChIJ4T5AXB81aDQR5pC2PXawH6E?authuser=0&hl=zh-TW&rclk=1,302新竹縣竹北市吳濁流路86號,星期四、11:30 到 21:00; 星期五、11:30 到 01:00; 星期六、11:30 到 01:00; 星期日、11:30 到 01:00; 星期一、17:00 到 21:00; 星期二、休息; 星期三、11:30 到 21:00. 隱藏本週營業時間,"24.8315248,121.0142298"
藍月山谷,https://lh3.googleusercontent.com/p/AF1QipOfnujlO-G-M_SYG5oIKzdD5DNXwPSAODPSmsuV=w163-h92-k-no,4.6,356,https://www.google.com.tw/maps/place/%E8%97%8D%E6%9C%88%E5%B1%B1%E8%B0%B7/data=!4m7!3m6!1s0x346847b21a659925:0x71625670a4154cdf!8m2!3d24.6802281!4d121.1363778!16s%2Fg%2F11tckqsc6s!19sChIJJZllGrJHaDQR30wVpHBWYnE?authuser=0&hl=zh-TW&rclk=1,312新竹縣橫山鄉南昌村 尖筆窩1號,星期四、09:00 到 17:00; 星期五、09:00 到 17:00; 星期六、08:00 到 17:00; 星期日、08:00 到 17:00; 星期一、09:00 到 17:00; 星期二、休息; 星期三、休息. 隱藏本週營業時間,"24.6802281,121.1363778"
貨櫃89咖啡-新竹景觀庭園餐廳,https://lh3.googleusercontent.com/p/AF1QipNZFEOQeck2CJYP-cWf-uVvLMhlD8ewVjxaC36N=w138-h92-k-no,4.5,610,https://www.google.com.tw/maps/place/%E8%B2%A8%E6%AB%8389%E5%92%96%E5%95%A1-%E6%96%B0%E7%AB%B9%E6%99%AF%E8%A7%80%E5%BA%AD%E5%9C%92%E9%A4%90%E5%BB%B3/data=!4m7!3m6!1s0x3468492eebfbff01:0x608b5279f0ae3704!8m2!3d24.700783!4d120.996151!16s%2Fg%2F11h_t7m__v!19sChIJAf_76y5JaDQRBDeu8HlSi2A?authuser=0&hl=zh-TW&rclk=1,315新竹縣峨眉鄉1鄰1-7號,星期四、休息; 星期五、10:00 到 17:30; 星期六、09:00 到 19:00; 星期日、09:00 到 18:00; 星期一、10:00 到 17:30; 星期二、10:00 到 17:30; 星期三、10:00 到 17:30. 隱藏本週營業時間,"24.700783,120.996151"
【初幕2.0】｜寧靜用餐｜無開放4歲以下幼兒｜健康風味義大利麵｜自家烘焙咖啡｜手工甜點｜,https://lh3.googleusercontent.com/p/AF1QipOj7cpME032Fc-ylAgDOm_PD9zXR1NVgxCwdU2C=w138-h92-k-no,4.4,175,https://www.google.com.tw/maps/place/%E3%80%90%E5%88%9D%E5%B9%952.0%E3%80%91%EF%BD%9C%E5%AF%A7%E9%9D%9C%E7%94%A8%E9%A4%90%EF%BD%9C%E7%84%A1%E9%96%8B%E6%94%BE4%E6%AD%B2%E4%BB%A5%E4%B8%8B%E5%B9%BC%E5%85%92%EF%BD%9C%E5%81%A5%E5%BA%B7%E9%A2%A8%E5%91%B3%E7%BE%A9%E5%A4%A7%E5%88%A9%E9%BA%B5%EF%BD%9C%E8%87%AA%E5%AE%B6%E7%83%98%E7%84%99%E5%92%96%E5%95%A1%EF%BD%9C%E6%89%8B%E5%B7%A5%E7%94%9C%E9%BB%9E%EF%BD%9C/data=!4m7!3m6!1s0x346837a7840a08d5:0x2f8f72551fa8393d!8m2!3d24.8144686!4d121.0361444!16s%2Fg%2F11f69hkzr9!19sChIJ1QgKhKc3aDQRPTmoH1Vyjy8?authuser=0&hl=zh-TW&rclk=1,,,"24.8144686,121.0361444"
WIRED CAFE 竹北樹海店,https://lh3.googleusercontent.com/p/AF1QipMvMbJFV3TyBQKl7PxY44f9EAhSVOjDksoxgr6E=w80-h142-k-no,4.1,32,https://www.google.com.tw/maps/place/WIRED+CAFE+%E7%AB%B9%E5%8C%97%E6%A8%B9%E6%B5%B7%E5%BA%97/data=!4m7!3m6!1s0x34683771220774bf:0x580a2092d0f14f5a!8m2!3d24.8282039!4d121.0302377!16s%2Fg%2F11twmdxnjd!19sChIJv3QHInE3aDQRWk_x0JIgClg?authuser=0&hl=zh-TW&rclk=1,302新竹縣竹北市勝利十五街188號,星期四、10:00 到 18:00; 星期五、10:00 到 18:00; 星期六、09:00 到 20:00; 星期日、09:00 到 20:00; 星期一、10:00 到 18:00; 星期二、10:00 到 18:00; 星期三、10:00 到 18:00. 隱藏本週營業時間,"24.8282039,121.0302377"
綠禾塘,https://lh3.googleusercontent.com/p/AF1QipPad7YiQ52IfpJnPMMJ2yocbKJ2mkXRYHVTiHM=w138-h92-k-no,4.5,106,https://www.google.com.tw/maps/place/%E7%B6%A0%E7%A6%BE%E5%A1%98/data=!4m7!3m6!1s0x346836f8bce8ac05:0xe7fdfa0e409ffb18!8m2!3d24.811869!4d121.0265683!16s%2Fg%2F11b6tdfzqc!19sChIJBazovPg2aDQRGPufQA76_ec?authuser=0&hl=zh-TW&rclk=1,,,"24.811869,121.0265683"
冉冉 Hakka Life -早午餐&下午茶,https://lh3.googleusercontent.com/p/AF1QipNHaoDcYD1FzUiZcYVOIvUPrQNd3MXr6moBwFc1=w122-h92-k-no,4.5,454,https://www.google.com.tw/maps/place/%E5%86%89%E5%86%89+Hakka+Life+-%E6%97%A9%E5%8D%88%E9%A4%90%26%E4%B8%8B%E5%8D%88%E8%8C%B6/data=!4m7!3m6!1s0x346837f4fcc6a4a5:0xf5ad4567ef6d4bb8!8m2!3d24.8239116!4d121.0356628!16s%2Fg%2F11p73z_84d!19sChIJpaTG_PQ3aDQRuEtt72dFrfU?authuser=0&hl=zh-TW&rclk=1,302新竹縣竹北市十興路二段158號,星期四、09:00 到 16:30; 星期五、09:00 到 16:30; 星期六、09:00 到 16:00; 星期日、09:00 到 16:00; 星期一、休息; 星期二、休息; 星期三、09:00 到 16:30. 隱藏本週營業時間,"24.8239116,121.0356628"
NYMPH • 精靈星空咖啡廳｜新竹最高景觀餐廳（線上系統訂位）,https://lh3.googleusercontent.com/p/AF1QipPsBdzYXlwEKTIc4wAt0VkN8yTIlI6-6dmigAtD=w138-h92-k-no,4.5,460,https://www.google.com.tw/maps/place/NYMPH+%E2%80%A2+%E7%B2%BE%E9%9D%88%E6%98%9F%E7%A9%BA%E5%92%96%E5%95%A1%E5%BB%B3%EF%BD%9C%E6%96%B0%E7%AB%B9%E6%9C%80%E9%AB%98%E6%99%AF%E8%A7%80%E9%A4%90%E5%BB%B3%EF%BC%88%E7%B7%9A%E4%B8%8A%E7%B3%BB%E7%B5%B1%E8%A8%82%E4%BD%8D%EF%BC%89/data=!4m7!3m6!1s0x346837004cb64221:0xa110b5a4e565384a!8m2!3d24.791303!4d121.012453!16s%2Fg%2F11ln4bgqd6!19sChIJIUK2TAA3aDQRSjhl5aS1EKE?authuser=0&hl=zh-TW&rclk=1,,,"24.791303,121.012453"
佐岸夜景咖啡9E coffee，寵物友善，晚上七點到凌晨3點,https://lh3.googleusercontent.com/p/AF1QipPYXRBcCoU9WmngvHUSj-uHrdXA_0jokqN6v88W=w163-h92-k-no,3.9,544,https://www.google.com.tw/maps/place/%E4%BD%90%E5%B2%B8%E5%A4%9C%E6%99%AF%E5%92%96%E5%95%A19E+coffee%EF%BC%8C%E5%AF%B5%E7%89%A9%E5%8F%8B%E5%96%84%EF%BC%8C%E6%99%9A%E4%B8%8A%E4%B8%83%E9%BB%9E%E5%88%B0%E5%87%8C%E6%99%A83%E9%BB%9E/data=!4m7!3m6!1s0x346836d39dfe385b:0xec9bdc8b685299cb!8m2!3d24.8511123!4d121.0269518!16s%2Fg%2F11ckqs19h8!19sChIJWzj-ndM2aDQRy5lSaIvcm-w?authuser=0&hl=zh-TW&rclk=1,305新竹縣新埔鎮新湖路200號,星期四、19:00 到 03:00; 星期五、19:00 到 03:00; 星期六、19:00 到 03:00; 星期日、19:00 到 03:00; 星期一、19:00 到 03:00; 星期二、19:00 到 03:00; 星期三、19:00 到 03:00. 隱藏本週營業時間,"24.8511123,121.0269518"
Fumi福咪手作烘焙咖啡,https://lh3.googleusercontent.com/p/AF1QipMDv7pmk5_S356IxN6ChCy4dkIS45FmBcPG_zIR=w154-h92-k-no,4.6,244,https://www.google.com.tw/maps/place/Fumi%E7%A6%8F%E5%92%AA%E6%89%8B%E4%BD%9C%E7%83%98%E7%84%99%E5%92%96%E5%95%A1/data=!4m7!3m6!1s0x346836eb758d639b:0x6359c6f884370ab0!8m2!3d24.8311547!4d121.0133892!16s%2Fg%2F11c1n5gvch!19sChIJm2ONdes2aDQRsAo3hPjGWWM?authuser=0&hl=zh-TW&rclk=1,302新竹縣竹北市文義街245號,星期四、12:30 到 17:30; 星期五、12:30 到 17:30; 星期六、12:00 到 18:30; 星期日、11:30 到 18:00; 星期一、12:30 到 17:30; 星期二、休息; 星期三、12:30 到 17:30. 隱藏本週營業時間,"24.8311547,121.0133892"
Anjali Café & Yoga 植物飲食瑜伽聚落,https://lh3.googleusercontent.com/p/AF1QipOfjrD7oZmkYsFncwmSSSBTaHjG2EVhNv2_LEZY=w122-h92-k-no,4.7,296,https://www.google.com.tw/maps/place/Anjali+Caf%C3%A9+%26+Yoga+%E6%A4%8D%E7%89%A9%E9%A3%B2%E9%A3%9F%E7%91%9C%E4%BC%BD%E8%81%9A%E8%90%BD/data=!4m7!3m6!1s0x3468375f8d4bb671:0x1cfdf78c260d4c93!8m2!3d24.8166864!4d121.0222187!16s%2Fg%2F11p64qqpqd!19sChIJcbZLjV83aDQRk0wNJoz3_Rw?authuser=0&hl=zh-TW&rclk=1,302新竹縣竹北市自強五路126號,星期四、11:00 到 21:00; 星期五、11:00 到 21:00; 星期六、11:00 到 21:00; 星期日、11:00 到 21:00; 星期一、11:00 到 21:00; 星期二、11:00 到 21:00; 星期三、休息. 隱藏本週營業時間,"24.8166864,121.0222187"
憇吃甜點-竹北100號,https://lh3.googleusercontent.com/p/AF1QipPcC5P6m1eq7ddg3M3tNRMIixHGAbHHO8itzJ-j=w122-h92-k-no,4.8,45,https://www.google.com.tw/maps/place/%E6%86%87%E5%90%83%E7%94%9C%E9%BB%9E-%E7%AB%B9%E5%8C%97100%E8%99%9F/data=!4m7!3m6!1s0x346837f29e0d62db:0x6385624f4e94da94!8m2!3d24.8079215!4d121.0273044!16s%2Fg%2F11k39lq3kf!19sChIJ22INnvI3aDQRlNqUTk9ihWM?authuser=0&hl=zh-TW&rclk=1,302新竹縣竹北市嘉豐六路二段100號,星期四、休息; 星期五、10:30 到 19:00; 星期六、10:30 到 19:00; 星期日、10:30 到 19:00; 星期一、10:30 到 19:00; 星期二、10:30 到 19:00; 星期三、10:30 到 19:00. 隱藏本週營業時間,"24.8079215,121.0273044"
101青草湖創新莊園（101高山頂景觀餐廳）風谷農場,https://lh3.googleusercontent.com/p/AF1QipMhvm4lRU_maATKEtoZ_TP2AjaogB3PIqVL6N79=w122-h92-k-no,4.0,"1,685",https://www.google.com.tw/maps/place/101%E9%9D%92%E8%8D%89%E6%B9%96%E5%89%B5%E6%96%B0%E8%8E%8A%E5%9C%92%EF%BC%88101%E9%AB%98%E5%B1%B1%E9%A0%82%E6%99%AF%E8%A7%80%E9%A4%90%E5%BB%B3%EF%BC%89%E9%A2%A8%E8%B0%B7%E8%BE%B2%E5%A0%B4/data=!4m7!3m6!1s0x34684a0894970563:0x693f239a1a76c843!8m2!3d24.7763485!4d120.975101!16s%2Fg%2F11bwkgwm80!19sChIJYwWXlAhKaDQRQ8h2GpojP2k?authuser=0&hl=zh-TW&rclk=1,300新竹市東區明湖路775巷51-3號,星期四、11:00 到 22:00; 星期五、11:00 到 22:00; 星期六、11:00 到 22:00; 星期日、11:00 到 22:00; 星期一、休息; 星期二、11:00 到 22:00; 星期三、11:00 到 22:00. 隱藏本週營業時間,"24.7763485,120.975101"
有閑rhiu'han,https://lh3.googleusercontent.com/p/AF1QipMhj9vMq1SH7g3i42kdoKUnzVY3pEpiMpgD9Qst=w92-h92-k-no,4.3,209,https://www.google.com.tw/maps/place/%E6%9C%89%E9%96%91rhiu%27han/data=!4m7!3m6!1s0x346836fc21788a2f:0x5763f321584aeec4!8m2!3d24.8172379!4d121.0301558!16s%2Fg%2F11bxg8c972!19sChIJL4p4Ifw2aDQRxO5KWCHzY1c?authuser=0&hl=zh-TW&rclk=1,302新竹縣竹北市嘉豐二街一段22號,星期四、11:00 到 18:00; 星期五、11:00 到 18:00; 星期六、11:00 到 19:00; 星期日、11:00 到 19:00; 星期一、休息; 星期二、休息; 星期三、11:00 到 18:00. 隱藏本週營業時間,"24.8172379,121.0301558"
布卡堤咖啡 - 手沖精品咖啡，精品咖啡，書本音樂咖啡,https://lh3.googleusercontent.com/p/AF1QipMArbjHvEV1phwq6RAP8p_xnDeNOHwz_qHmOpZX=w122-h92-k-no,5.0,47,https://www.google.com.tw/maps/place/%E5%B8%83%E5%8D%A1%E5%A0%A4%E5%92%96%E5%95%A1+-+%E6%89%8B%E6%B2%96%E7%B2%BE%E5%93%81%E5%92%96%E5%95%A1%EF%BC%8C%E7%B2%BE%E5%93%81%E5%92%96%E5%95%A1%EF%BC%8C%E6%9B%B8%E6%9C%AC%E9%9F%B3%E6%A8%82%E5%92%96%E5%95%A1/data=!4m7!3m6!1s0x3468352a1f1e62a9:0x4eeec2e4145f2806!8m2!3d24.8467902!4d120.9761948!16s%2Fg%2F11qp00zhlx!19sChIJqWIeHyo1aDQRBihfFOTC7k4?authuser=0&hl=zh-TW&rclk=1,302新竹縣竹北市麻園二街268號,星期四、12:00 到 16:00; 星期五、12:00 到 16:00; 星期六、休息; 星期日、休息; 星期一、12:00 到 16:00; 星期二、12:00 到 16:00; 星期三、12:00 到 16:00. 隱藏本週營業時間,"24.8467902,120.9761948"
雅舍咖啡,https://lh3.googleusercontent.com/p/AF1QipPcvMrsBfwpzFsy2FI59kDAH-tml7TtvsCi9gY2=w161-h92-k-no,3.6,"1,028",https://www.google.com.tw/maps/place/%E9%9B%85%E8%88%8D%E5%92%96%E5%95%A1/data=!4m7!3m6!1s0x34683690a8e7ea1f:0x108228c021f4f759!8m2!3d24.8149996!4d121.0312768!16s%2Fg%2F1tj5ngk0!19sChIJH-rnqJA2aDQRWff0IcAoghA?authuser=0&hl=zh-TW&rclk=1,302新竹縣竹北市嘉豐五路一段17號,星期四、11:00 到 20:15; 星期五、11:00 到 20:15; 星期六、11:00 到 20:15; 星期日、11:00 到 20:15; 星期一、11:00 到 20:15; 星期二、11:00 到 20:15; 星期三、11:00 到 20:15. 隱藏本週營業時間,"24.8149996,121.0312768"
或者書店／咖啡／輕食,https://lh3.googleusercontent.com/p/AF1QipP2QCpbpjP4jit8xItt8ytwC4uld6WOMScQM2QR=w122-h92-k-no,4.6,"1,474",https://www.google.com.tw/maps/place/%E6%88%96%E8%80%85%E6%9B%B8%E5%BA%97%EF%BC%8F%E5%92%96%E5%95%A1%EF%BC%8F%E8%BC%95%E9%A3%9F/data=!4m7!3m6!1s0x346836f8b5fc8131:0xcdf4755c4bd93f6e!8m2!3d24.8121678!4d121.0275149!16s%2Fg%2F11dd_nwwgl!19sChIJMYH8tfg2aDQRbj_ZS1x19M0?authuser=0&hl=zh-TW&rclk=1,302新竹縣竹北市文興路一段123號,星期四、10:00 到 18:00; 星期五、10:00 到 18:00; 星期六、10:00 到 18:00; 星期日、10:00 到 18:00; 星期一、10:00 到 18:00; 星期二、休息; 星期三、休息. 隱藏本週營業時間,"24.8121678,121.0275149"
