Name,Rate,Comm,Url,Address,Business_Time
雨山咖啡 Studio（不限時咖啡專賣）,4.9,204,https://www.google.com.tw/maps/place/%E9%9B%A8%E5%B1%B1%E5%92%96%E5%95%A1+Studio%EF%BC%88%E4%B8%8D%E9%99%90%E6%99%82%E5%92%96%E5%95%A1%E5%B0%88%E8%B3%A3%EF%BC%89/data=!4m7!3m6!1s0x3467e5cc1959d10d:0xcf2810c49765bddc!8m2!3d24.7265867!4d121.7570403!16s%2Fg%2F11t4kwjw43!19sChIJDdFZGczlZzQR3L1ll8QQKM8?authuser=0&hl=zh-TW&rclk=1,260宜蘭縣宜蘭市建業路87號,星期二、休息; 星期三、休息; 星期四、11:30 到 17:30; 星期五、11:30 到 17:30; 星期六、10:30 到 17:30; 星期日、10:30 到 16:30; 星期一、休息. 隱藏本週營業時間
寒山咖啡,5.0,"1,101",https://www.google.com.tw/maps/place/%E5%AF%92%E5%B1%B1%E5%92%96%E5%95%A1/data=!4m7!3m6!1s0x3467e715d9d8d387:0x37d4f64479cfadb7!8m2!3d24.6770022!4d121.7723214!16s%2Fg%2F11n64r52y6!19sChIJh9PY2RXnZzQRt63PeUT21Dc?authuser=0&hl=zh-TW&rclk=1,265宜蘭縣羅東鎮和平路99號,星期二、09:00 到 18:00; 星期三、09:00 到 18:00; 星期四、09:00 到 18:00; 星期五、09:00 到 18:00; 星期六、09:00 到 18:00; 星期日、09:00 到 18:00; 星期一、09:00 到 18:00. 隱藏本週營業時間
愚者咖啡 FooL.Destiny《歡迎預約，以免撲空》,5.0,655,https://www.google.com.tw/maps/place/%E6%84%9A%E8%80%85%E5%92%96%E5%95%A1+FooL.Destiny%E3%80%8A%E6%AD%A1%E8%BF%8E%E9%A0%90%E7%B4%84%EF%BC%8C%E4%BB%A5%E5%85%8D%E6%92%B2%E7%A9%BA%E3%80%8B/data=!4m7!3m6!1s0x3467e53d1cbefcc5:0xa34932dc962324d7!8m2!3d24.747852!4d121.7535868!16s%2Fg%2F11ngt4jcv2!19sChIJxfy-HD3lZzQR1yQjltwySaM?authuser=0&hl=zh-TW&rclk=1,260宜蘭縣宜蘭市中華路94號,星期一、15:00 到 03:00; 星期二、15:00 到 03:00; 星期三、15:00 到 03:00; 星期四、15:00 到 03:00; 星期五、15:00 到 03:00; 星期六、15:00 到 03:00; 星期日、15:00 到 03:00. 隱藏本週營業時間
宜蘭咖啡廳推薦 |吸貓咖啡館| 寵物友善 - 宜蘭下午茶 - 礁溪早午餐 - 甜點店推薦 | 宜蘭寵物友善餐廳推薦 - Coffee Pet-Friendly Restaurant 附停車場,4.9,"1,490",https://www.google.com.tw/maps/place/%E5%AE%9C%E8%98%AD%E5%92%96%E5%95%A1%E5%BB%B3%E6%8E%A8%E8%96%A6+%7C%E5%90%B8%E8%B2%93%E5%92%96%E5%95%A1%E9%A4%A8%7C+%E5%AF%B5%E7%89%A9%E5%8F%8B%E5%96%84+-+%E5%AE%9C%E8%98%AD%E4%B8%8B%E5%8D%88%E8%8C%B6+-+%E7%A4%81%E6%BA%AA%E6%97%A9%E5%8D%88%E9%A4%90+-+%E7%94%9C%E9%BB%9E%E5%BA%97%E6%8E%A8%E8%96%A6+%7C+%E5%AE%9C%E8%98%AD%E5%AF%B5%E7%89%A9%E5%8F%8B%E5%96%84%E9%A4%90%E5%BB%B3%E6%8E%A8%E8%96%A6+-+Coffee+Pet-Friendly+Restaurant+%E9%99%84%E5%81%9C%E8%BB%8A%E5%A0%B4/data=!4m7!3m6!1s0x3467fbb2376e1de9:0xdb3bcbd9c7505124!8m2!3d24.8035572!4d121.7914582!16s%2Fg%2F11r10766tp!19sChIJ6R1uN7L7ZzQRJFFQx9nLO9s?authuser=0&hl=zh-TW&rclk=1,262宜蘭縣礁溪鄉三路113號,星期二、休息; 星期三、休息; 星期四、休息; 星期五、11:00 到 17:00; 星期六、11:00 到 17:00; 星期日、11:00 到 17:00; 星期一、11:00 到 17:00. 隱藏本週營業時間
捌㡯珈琲,4.6,583,https://www.google.com.tw/maps/place/%E6%8D%8C%E3%A1%AF%E7%8F%88%E7%90%B2/data=!4m7!3m6!1s0x3467f78809178d29:0x3612157385254a6d!8m2!3d24.8475777!4d121.8134968!16s%2Fg%2F11rxyj212k!19sChIJKY0XCYj3ZzQRbUolhXMVEjY?authuser=0&hl=zh-TW&rclk=1,261宜蘭縣頭城鎮青雲路二段650號,星期二、11:30 到 18:00; 星期三、11:30 到 18:00; 星期四、11:30 到 18:00; 星期五、11:30 到 18:00; 星期六、11:30 到 18:00; 星期日、11:30 到 18:00; 星期一、休息. 隱藏本週營業時間
After Coffee,4.8,143,https://www.google.com.tw/maps/place/After+Coffee/data=!4m7!3m6!1s0x3467e52310558569:0x1791b48fbed8893f!8m2!3d24.7305627!4d121.782761!16s%2Fg%2F11s7w3cbmv!19sChIJaYVVECPlZzQRP4nYvo-0kRc?authuser=0&hl=zh-TW&rclk=1,263宜蘭縣壯圍鄉美福路三段48-42號,星期二、休息; 星期三、11:00 到 18:00; 星期四、11:00 到 18:00; 星期五、11:00 到 18:00; 星期六、11:00 到 18:00; 星期日、11:00 到 18:00; 星期一、休息. 隱藏本週營業時間
掐口咖啡ChiaCo.Coffee 咖啡x露營/家用器物（每月公休請見IG自介）,4.9,268,https://www.google.com.tw/maps/place/%E6%8E%90%E5%8F%A3%E5%92%96%E5%95%A1ChiaCo.Coffee+%E5%92%96%E5%95%A1x%E9%9C%B2%E7%87%9F%2F%E5%AE%B6%E7%94%A8%E5%99%A8%E7%89%A9%EF%BC%88%E6%AF%8F%E6%9C%88%E5%85%AC%E4%BC%91%E8%AB%8B%E8%A6%8BIG%E8%87%AA%E4%BB%8B%EF%BC%89/data=!4m7!3m6!1s0x3467e58de7348307:0xb9514a49f120a454!8m2!3d24.6838701!4d121.7951115!16s%2Fg%2F11jt3y5v6_!19sChIJB4M0543lZzQRVKQg8UlKUbk?authuser=0&hl=zh-TW&rclk=1,268宜蘭縣五結鄉自強路169號,星期二、10:00 到 19:00; 星期三、10:00 到 19:00; 星期四、10:00 到 19:00; 星期五、10:00 到 19:00; 星期六、10:00 到 19:00; 星期日、10:00 到 19:00; 星期一、10:00 到 19:00. 隱藏本週營業時間
小溪邊咖啡,4.7,421,https://www.google.com.tw/maps/place/%E5%B0%8F%E6%BA%AA%E9%82%8A%E5%92%96%E5%95%A1/data=!4m7!3m6!1s0x3467f786930f910f:0x6a8f717d6ca691fb!8m2!3d24.8473715!4d121.8165858!16s%2Fg%2F11sqq2jzzb!19sChIJD5EPk4b3ZzQR-5GmbH1xj2o?authuser=0&hl=zh-TW&rclk=1,261宜蘭縣頭城鎮頂埔路一段178巷22號,星期二、10:30 到 18:00; 星期三、10:30 到 18:00; 星期四、休息; 星期五、10:30 到 18:00; 星期六、10:30 到 18:00; 星期日、10:30 到 18:00; 星期一、10:30 到 18:00. 隱藏本週營業時間
食聚咖啡Gather cafe/宜蘭甜點專賣店,4.3,"2,728",https://www.google.com.tw/maps/place/%E9%A3%9F%E8%81%9A%E5%92%96%E5%95%A1Gather+cafe%2F%E5%AE%9C%E8%98%AD%E7%94%9C%E9%BB%9E%E5%B0%88%E8%B3%A3%E5%BA%97/data=!4m7!3m6!1s0x3467eff986096427:0xd1dee77532ff1ee9!8m2!3d24.7464778!4d121.8160624!16s%2Fg%2F11byz0d1fb!19sChIJJ2QJhvnvZzQR6R7_MnXn3tE?authuser=0&hl=zh-TW&rclk=1,263宜蘭縣壯圍鄉壯濱路二段277號,星期二、10:00 到 17:00; 星期三、10:00 到 17:00; 星期四、10:00 到 17:00; 星期五、10:00 到 17:00; 星期六、10:00 到 17:00; 星期日、10:00 到 17:00; 星期一、10:00 到 17:00. 隱藏本週營業時間
小揭商行 COFFEE STREET CO.,4.7,709,https://www.google.com.tw/maps/place/%E5%B0%8F%E6%8F%AD%E5%95%86%E8%A1%8C+COFFEE+STREET+CO./data=!4m7!3m6!1s0x3467e73facd5a9a9:0x3b1cced2745daa2d!8m2!3d24.6774528!4d121.7707056!16s%2Fg%2F11f625npnb!19sChIJqanVrD_nZzQRLapddNLOHDs?authuser=0&hl=zh-TW&rclk=1,,
MASLOW CAFE 咖啡/麵包/甜點（寵物友善/提供訂位）,4.7,773,https://www.google.com.tw/maps/place/MASLOW+CAFE+%E5%92%96%E5%95%A1%2F%E9%BA%B5%E5%8C%85%2F%E7%94%9C%E9%BB%9E%EF%BC%88%E5%AF%B5%E7%89%A9%E5%8F%8B%E5%96%84%2F%E6%8F%90%E4%BE%9B%E8%A8%82%E4%BD%8D%EF%BC%89/data=!4m7!3m6!1s0x3467e5d83c604827:0xdbe444346e729c40!8m2!3d24.6926329!4d121.7291184!16s%2Fg%2F11h46v0961!19sChIJJ0hgPNjlZzQRQJxybjRE5Ns?authuser=0&hl=zh-TW&rclk=1,,星期二、10:30 到 17:50; 星期三、10:30 到 17:50; 星期四、10:30 到 17:50; 星期五、10:30 到 17:50; 星期六、10:30 到 17:50; 星期日、10:30 到 17:50; 星期一、10:30 到 17:50. 隱藏本週營業時間
真島咖啡マジマカフェMajima Cafe,4.9,245,https://www.google.com.tw/maps/place/%E7%9C%9F%E5%B3%B6%E5%92%96%E5%95%A1%E3%83%9E%E3%82%B8%E3%83%9E%E3%82%AB%E3%83%95%E3%82%A7Majima+Cafe/data=!4m7!3m6!1s0x3467e52e4a8b6eb5:0x44c450dea60c58eb!8m2!3d24.7599523!4d121.7556136!16s%2Fg%2F11t2y__cmx!19sChIJtW6LSi7lZzQR61gMpt5QxEQ?authuser=0&hl=zh-TW&rclk=1,260宜蘭縣宜蘭市吉祥路91號,星期二、09:00 到 18:00; 星期三、09:00 到 18:00; 星期四、休息; 星期五、09:00 到 18:00; 星期六、11:00 到 18:00; 星期日、11:00 到 18:00; 星期一、09:00 到 18:00. 隱藏本週營業時間
逸境咖啡 自家烘焙 手沖咖啡推薦（2025咖啡烘烘烘 第3場 全國烘焙大賽亞軍）採預約制/免費停車 · 咖啡豆專賣 · 宜蘭礁溪頭城壯圍首選｜熱門咖啡廳｜濾掛咖啡｜精品咖啡｜甜點·,4.9,330,https://www.google.com.tw/maps/place/%E9%80%B8%E5%A2%83%E5%92%96%E5%95%A1+%E8%87%AA%E5%AE%B6%E7%83%98%E7%84%99+%E6%89%8B%E6%B2%96%E5%92%96%E5%95%A1%E6%8E%A8%E8%96%A6%EF%BC%882025%E5%92%96%E5%95%A1%E7%83%98%E7%83%98%E7%83%98+%E7%AC%AC3%E5%A0%B4+%E5%85%A8%E5%9C%8B%E7%83%98%E7%84%99%E5%A4%A7%E8%B3%BD%E4%BA%9E%E8%BB%8D%EF%BC%89%E6%8E%A1%E9%A0%90%E7%B4%84%E5%88%B6%2F%E5%85%8D%E8%B2%BB%E5%81%9C%E8%BB%8A+%C2%B7+%E5%92%96%E5%95%A1%E8%B1%86%E5%B0%88%E8%B3%A3+%C2%B7+%E5%AE%9C%E8%98%AD%E7%A4%81%E6%BA%AA%E9%A0%AD%E5%9F%8E%E5%A3%AF%E5%9C%8D%E9%A6%96%E9%81%B8%EF%BD%9C%E7%86%B1%E9%96%80%E5%92%96%E5%95%A1%E5%BB%B3%EF%BD%9C%E6%BF%BE%E6%8E%9B%E5%92%96%E5%95%A1%EF%BD%9C%E7%B2%BE%E5%93%81%E5%92%96%E5%95%A1%EF%BD%9C%E7%94%9C%E9%BB%9E%C2%B7/data=!4m7!3m6!1s0x3467e53474011d09:0xca07bea817688e5b!8m2!3d24.7589086!4d121.7828303!16s%2Fg%2F11csr1fwgx!19sChIJCR0BdDTlZzQRW45oF6i-B8o?authuser=0&hl=zh-TW&rclk=1,,星期二、13:30 到 18:30; 星期三、13:30 到 05:00; 星期四、13:30 到 18:30; 星期五、13:30 到 18:30; 星期六、13:30 到 18:30; 星期日、14:30 到 18:30; 星期一、13:30 到 18:30. 隱藏本週營業時間
虎咖啡,4.7,904,https://www.google.com.tw/maps/place/%E8%99%8E%E5%92%96%E5%95%A1/data=!4m7!3m6!1s0x3467e4c1710659fb:0x8dca35df8b9f4e94!8m2!3d24.7531389!4d121.7470312!16s%2Fg%2F12hw4x745!19sChIJ-1kGccHkZzQRlE6fi981yo0?authuser=0&hl=zh-TW&rclk=1,"104號, 國榮路宜蘭市宜蘭縣260",星期二、10:30 到 19:00; 星期三、10:30 到 19:00; 星期四、10:30 到 19:00; 星期五、10:30 到 20:30; 星期六、10:30 到 20:30; 星期日、10:30 到 20:30; 星期一、10:30 到 20:30. 隱藏本週營業時間
Orla Café,4.9,271,https://www.google.com.tw/maps/place/Orla+Cafe%CC%81/data=!4m7!3m6!1s0x3467e78c0d0437a5:0x888f7ba53b1ae7af!8m2!3d24.6837471!4d121.7304525!16s%2Fg%2F11s462tc9d!19sChIJpTcEDYznZzQRr-caO6V7j4g?authuser=0&hl=zh-TW&rclk=1,26941宜蘭縣冬山鄉柯林新路63號,星期二、休息; 星期三、11:00 到 17:00; 星期四、11:00 到 17:00; 星期五、11:00 到 17:00; 星期六、11:00 到 17:00; 星期日、11:00 到 17:00; 星期一、休息. 隱藏本週營業時間
Resort Brew Coffee Co. (不接受預約訂位),4.3,760,https://www.google.com.tw/maps/place/Resort+Brew+Coffee+Co.+%28%E4%B8%8D%E6%8E%A5%E5%8F%97%E9%A0%90%E7%B4%84%E8%A8%82%E4%BD%8D%29/data=!4m7!3m6!1s0x3467e4e982fb6f49:0x3257c4da796e7ba!8m2!3d24.7471643!4d121.7485687!16s%2Fg%2F11cjj5w8p7!19sChIJSW_7gunkZzQRuueWp018JQM?authuser=0&hl=zh-TW&rclk=1,,星期二、10:30 到 18:00; 星期三、10:30 到 18:00; 星期四、10:30 到 18:00; 星期五、10:30 到 18:00; 星期六、10:30 到 18:00; 星期日、10:30 到 18:00; 星期一、休息. 隱藏本週營業時間
啡Style Café & 咖啡教學 （店休時間以粉專公告為主）,4.8,434,https://www.google.com.tw/maps/place/%E5%95%A1Style+Caf%C3%A9+%26+%E5%92%96%E5%95%A1%E6%95%99%E5%AD%B8+%EF%BC%88%E5%BA%97%E4%BC%91%E6%99%82%E9%96%93%E4%BB%A5%E7%B2%89%E5%B0%88%E5%85%AC%E5%91%8A%E7%82%BA%E4%B8%BB%EF%BC%89/data=!4m7!3m6!1s0x3467e5e5c0d8c169:0xbc359e8de18bed48!8m2!3d24.7410425!4d121.7551153!16s%2Fg%2F11g01v6cjx!19sChIJacHYwOXlZzQRSO2L4Y2eNbw?authuser=0&hl=zh-TW&rclk=1,,星期二、10:00 到 18:00; 星期三、10:00 到 18:00; 星期四、10:00 到 18:00; 星期五、10:00 到 18:00; 星期六、10:00 到 18:00; 星期日、10:00 到 18:00; 星期一、10:00 到 18:00. 隱藏本週營業時間
花宅咖啡HUA Cafe,4.4,275,https://www.google.com.tw/maps/place/%E8%8A%B1%E5%AE%85%E5%92%96%E5%95%A1HUA+Cafe/data=!4m7!3m6!1s0x3467e519c913574b:0x8b719f9612cf3739!8m2!3d24.759792!4d121.7514365!16s%2Fg%2F11hjnzd40x!19sChIJS1cTyRnlZzQROTfPEpafcYs?authuser=0&hl=zh-TW&rclk=1,260宜蘭縣宜蘭市碧霞街26號,星期二、10:00 到 18:00; 星期三、休息; 星期四、休息; 星期五、10:00 到 18:00; 星期六、10:00 到 19:00; 星期日、10:00 到 19:00; 星期一、10:00 到 18:00. 隱藏本週營業時間
小漁村咖啡 | 不限時咖啡廳 | 寵物友善 | WIFI | 插座 | 洗手間 | 大空間| 親子| 伴手禮 |,4.9,596,https://www.google.com.tw/maps/place/%E5%B0%8F%E6%BC%81%E6%9D%91%E5%92%96%E5%95%A1+%7C+%E4%B8%8D%E9%99%90%E6%99%82%E5%92%96%E5%95%A1%E5%BB%B3+%7C+%E5%AF%B5%E7%89%A9%E5%8F%8B%E5%96%84+%7C+WIFI+%7C+%E6%8F%92%E5%BA%A7+%7C+%E6%B4%97%E6%89%8B%E9%96%93+%7C+%E5%A4%A7%E7%A9%BA%E9%96%93%7C+%E8%A6%AA%E5%AD%90%7C+%E4%BC%B4%E6%89%8B%E7%A6%AE+%7C/data=!4m7!3m6!1s0x3467e9c09c9f8b33:0xd51c9b5c86573f24!8m2!3d24.5831372!4d121.8658002!16s%2Fg%2F11r6_tp6wc!19sChIJM4ufnMDpZzQRJD9XhlybHNU?authuser=0&hl=zh-TW&rclk=1,,星期二、休息; 星期三、休息; 星期四、12:00 到 18:00; 星期五、10:00 到 18:00; 星期六、10:00 到 19:00; 星期日、10:00 到 19:00; 星期一、11:00 到 18:00. 隱藏本週營業時間
橡子咖啡 Nuts Cafe,4.8,208,https://www.google.com.tw/maps/place/%E6%A9%A1%E5%AD%90%E5%92%96%E5%95%A1+Nuts+Cafe/data=!4m7!3m6!1s0x3467e5234bb466d7:0x11365d88bc80bbb7!8m2!3d24.7464562!4d121.7520339!16s%2Fg%2F11n6tsvyqp!19sChIJ12a0SyPlZzQRt7uAvIhdNhE?authuser=0&hl=zh-TW&rclk=1,260宜蘭縣宜蘭市健康路二段24巷3號,星期二、09:00 到 18:00; 星期三、休息; 星期四、休息; 星期五、09:00 到 18:00; 星期六、09:00 到 18:00; 星期日、09:00 到 18:00; 星期一、09:00 到 18:00. 隱藏本週營業時間
田塬藝文咖啡館,4.9,694,https://www.google.com.tw/maps/place/%E7%94%B0%E5%A1%AC%E8%97%9D%E6%96%87%E5%92%96%E5%95%A1%E9%A4%A8/data=!4m7!3m6!1s0x3467f742cc1ab3d7:0x9f79b1c4f8409401!8m2!3d24.7877184!4d121.7593074!16s%2Fg%2F11fxw70fyc!19sChIJ17MazEL3ZzQRAZRA-MSxeZ8?authuser=0&hl=zh-TW&rclk=1,262宜蘭縣礁溪鄉城內巷14號,星期二、休息; 星期三、休息; 星期四、休息; 星期五、休息; 星期六、14:00 到 18:00; 星期日、休息; 星期一、休息. 隱藏本週營業時間
咖啡浴 FURO CAFE,4.8,940,https://www.google.com.tw/maps/place/%E5%92%96%E5%95%A1%E6%B5%B4+FURO+CAFE/data=!4m7!3m6!1s0x3467fb35226d2fff:0xc13f3ff4eca7034!8m2!3d24.8262811!4d121.7735945!16s%2Fg%2F11hf7ff0_b!19sChIJ_y9tIjX7ZzQRNHDKTv_zEww?authuser=0&hl=zh-TW&rclk=1,262宜蘭縣礁溪鄉德陽街3號,星期二、休息; 星期三、休息; 星期四、10:00 到 18:00; 星期五、10:00 到 18:00; 星期六、10:00 到 18:00; 星期日、10:00 到 18:00; 星期一、10:00 到 18:00. 隱藏本週營業時間
小花徑 minami coffee,4.1,487,https://www.google.com.tw/maps/place/%E5%B0%8F%E8%8A%B1%E5%BE%91+minami+coffee/data=!4m7!3m6!1s0x3467f79c4ca1413d:0x1861147a50a673e5!8m2!3d24.7638783!4d121.7575051!16s%2Fg%2F11gj74l148!19sChIJPUGhTJz3ZzQR5XOmUHoUYRg?authuser=0&hl=zh-TW&rclk=1,260宜蘭縣宜蘭市環河東路91號,星期二、休息; 星期三、休息; 星期四、休息; 星期五、休息; 星期六、12:00 到 17:30; 星期日、12:00 到 17:30; 星期一、12:00 到 17:30. 隱藏本週營業時間
單賣幸福Hygge cafe&brunch 早午餐廳,4.7,410,https://www.google.com.tw/maps/place/%E5%96%AE%E8%B3%A3%E5%B9%B8%E7%A6%8FHygge+cafe%26brunch+%E6%97%A9%E5%8D%88%E9%A4%90%E5%BB%B3/data=!4m7!3m6!1s0x3467e5b9abc90e41:0x4476e3b5817558ab!8m2!3d24.7519668!4d121.7563078!16s%2Fg%2F11sz3q9zqq!19sChIJQQ7Jq7nlZzQRq1h1gbXjdkQ?authuser=0&hl=zh-TW&rclk=1,,星期二、10:00 到 18:00; 星期三、10:00 到 18:00; 星期四、休息; 星期五、10:00 到 18:00; 星期六、10:00 到 18:00; 星期日、10:00 到 18:00; 星期一、10:00 到 18:00. 隱藏本週營業時間
NiNôo Café (NiNoo),4.9,302,https://www.google.com.tw/maps/place/NiN%C3%B4o+Caf%C3%A9+%28NiNoo%29/data=!4m7!3m6!1s0x3467e76f33fce19b:0xcb18beae7b627bb8!8m2!3d24.6740211!4d121.7677336!16s%2Fg%2F11rvhv8tzj!19sChIJm-H8M2_nZzQRuHtie66-GMs?authuser=0&hl=zh-TW&rclk=1,265宜蘭縣羅東鎮興東南路228巷20號,星期二、10:00 到 18:00; 星期三、10:00 到 18:00; 星期四、10:00 到 18:00; 星期五、10:00 到 18:00; 星期六、10:00 到 18:00; 星期日、10:00 到 17:00; 星期一、休息. 隱藏本週營業時間
一弄咖啡,4.6,459,https://www.google.com.tw/maps/place/%E4%B8%80%E5%BC%84%E5%92%96%E5%95%A1/data=!4m7!3m6!1s0x3467e4ec05678bef:0x649c64a755b2c72d!8m2!3d24.7440462!4d121.7474061!16s%2Fg%2F11b6z2l06r!19sChIJ74tnBezkZzQRLceyVadknGQ?authuser=0&hl=zh-TW&rclk=1,260宜蘭縣宜蘭市進士路二段387巷2弄49號,星期二、11:00 到 18:00; 星期三、休息; 星期四、12:00 到 20:00; 星期五、11:00 到 18:00; 星期六、11:00 到 18:00; 星期日、11:00 到 18:00; 星期一、11:00 到 18:00. 隱藏本週營業時間
貓的生活提案 Cats' Day（16:30最後收客）,4.7,"2,207",https://www.google.com.tw/maps/place/%E8%B2%93%E7%9A%84%E7%94%9F%E6%B4%BB%E6%8F%90%E6%A1%88+Cats%27+Day%EF%BC%8816:30%E6%9C%80%E5%BE%8C%E6%94%B6%E5%AE%A2%EF%BC%89/data=!4m7!3m6!1s0x3467e6793281f115:0x2398482b5b4c8b57!8m2!3d24.6775918!4d121.7710054!16s%2Fg%2F11f3tqvnrp!19sChIJFfGBMnnmZzQRV4tMWytImCM?authuser=0&hl=zh-TW&rclk=1,,星期二、休息; 星期三、13:00 到 18:00; 星期四、13:00 到 18:00; 星期五、13:00 到 18:00; 星期六、休息; 星期日、16:00 到 18:00; 星期一、13:00 到 18:00. 隱藏本週營業時間
參宿咖啡所,4.9,172,https://www.google.com.tw/maps/place/%E5%8F%83%E5%AE%BF%E5%92%96%E5%95%A1%E6%89%80/data=!4m7!3m6!1s0x3467e50607082d9b:0xa904cbb8cd070fd5!8m2!3d24.6837879!4d121.7708114!16s%2Fg%2F11sv53z96q!19sChIJmy0IBwblZzQR1Q8HzbjLBKk?authuser=0&hl=zh-TW&rclk=1,,
巷光咖啡 To Light Coffee Roasters,4.7,442,https://www.google.com.tw/maps/place/%E5%B7%B7%E5%85%89%E5%92%96%E5%95%A1+To+Light+Coffee+Roasters/data=!4m7!3m6!1s0x3467e7223b313c71:0xb597c03989a1c28a!8m2!3d24.6774201!4d121.7711546!16s%2Fg%2F11gnjg70jv!19sChIJcTwxOyLnZzQRisKhiTnAl7U?authuser=0&hl=zh-TW&rclk=1,265宜蘭縣羅東鎮公正街22號,星期二、休息; 星期三、09:00 到 18:00; 星期四、09:00 到 18:00; 星期五、09:00 到 18:00; 星期六、09:00 到 18:00; 星期日、09:00 到 18:00; 星期一、09:00 到 18:00. 隱藏本週營業時間
渲咖啡,4.6,515,https://www.google.com.tw/maps/place/%E6%B8%B2%E5%92%96%E5%95%A1/data=!4m7!3m6!1s0x3467f7abea2e8dcf:0x7cf6c1b3a29f59ec!8m2!3d24.8794799!4d121.84237!16s%2Fg%2F11rw7n7bft!19sChIJz40u6qv3ZzQR7FmforPB9nw?authuser=0&hl=zh-TW&rclk=1,261宜蘭縣頭城鎮濱海路二段72號2樓,星期二、休息; 星期三、休息; 星期四、10:30 到 17:30; 星期五、10:30 到 17:30; 星期六、10:30 到 17:30; 星期日、10:30 到 17:30; 星期一、10:30 到 17:30. 隱藏本週營業時間
羊遇咖啡-宜蘭人氣手沖咖啡|熱門咖啡館|精品咖啡廳|咖啡廳推薦|自家烘焙咖啡|下午茶推薦,5.0,18,https://www.google.com.tw/maps/place/%E7%BE%8A%E9%81%87%E5%92%96%E5%95%A1-%E5%AE%9C%E8%98%AD%E4%BA%BA%E6%B0%A3%E6%89%8B%E6%B2%96%E5%92%96%E5%95%A1%7C%E7%86%B1%E9%96%80%E5%92%96%E5%95%A1%E9%A4%A8%7C%E7%B2%BE%E5%93%81%E5%92%96%E5%95%A1%E5%BB%B3%7C%E5%92%96%E5%95%A1%E5%BB%B3%E6%8E%A8%E8%96%A6%7C%E8%87%AA%E5%AE%B6%E7%83%98%E7%84%99%E5%92%96%E5%95%A1%7C%E4%B8%8B%E5%8D%88%E8%8C%B6%E6%8E%A8%E8%96%A6/data=!4m7!3m6!1s0x3467e58942ca477f:0xc61294285ea19d3f!8m2!3d24.749372!4d121.7335024!16s%2Fg%2F11v0k_gvdm!19sChIJf0fKQonlZzQRP52hXiiUEsY?authuser=0&hl=zh-TW&rclk=1,,星期二、休息; 星期三、10:30 到 17:00; 星期四、10:30 到 17:00; 星期五、10:30 到 17:00; 星期六、10:30 到 17:00; 星期日、10:30 到 17:00; 星期一、休息. 隱藏本週營業時間
九號咖啡外澳館,4.4,"7,218",https://www.google.com.tw/maps/place/%E4%B9%9D%E8%99%9F%E5%92%96%E5%95%A1%E5%A4%96%E6%BE%B3%E9%A4%A8/data=!4m7!3m6!1s0x3467f7a70f77b8c5:0x82a528cf98ab4866!8m2!3d24.878043!4d121.8415!16s%2Fg%2F11b6v4bx9y!19sChIJxbh3D6f3ZzQRZkirmM8opYI?authuser=0&hl=zh-TW&rclk=1,26144宜蘭縣頭城鎮濱海路二段6號,星期二、10:00 到 18:00; 星期三、10:00 到 18:00; 星期四、10:00 到 18:00; 星期五、10:00 到 18:00; 星期六、10:00 到 18:30; 星期日、10:00 到 18:30; 星期一、10:00 到 18:00. 隱藏本週營業時間
露露咖啡（早午餐／電話訂位／可包場／場地租借／寵物友善）,4.5,527,https://www.google.com.tw/maps/place/%E9%9C%B2%E9%9C%B2%E5%92%96%E5%95%A1%EF%BC%88%E6%97%A9%E5%8D%88%E9%A4%90%EF%BC%8F%E9%9B%BB%E8%A9%B1%E8%A8%82%E4%BD%8D%EF%BC%8F%E5%8F%AF%E5%8C%85%E5%A0%B4%EF%BC%8F%E5%A0%B4%E5%9C%B0%E7%A7%9F%E5%80%9F%EF%BC%8F%E5%AF%B5%E7%89%A9%E5%8F%8B%E5%96%84%EF%BC%89/data=!4m7!3m6!1s0x3467e11f76d1c40b:0xd47a5bab7c7fd10f!8m2!3d24.6666447!4d121.6543366!16s%2Fg%2F11rxrmrpvf!19sChIJC8TRdh_hZzQRD9F_fKtbetQ?authuser=0&hl=zh-TW&rclk=1,,星期二、11:00 到 18:00; 星期三、11:00 到 18:00; 星期四、休息; 星期五、11:00 到 18:00; 星期六、10:00 到 18:00; 星期日、10:00 到 18:00; 星期一、11:00 到 18:00. 隱藏本週營業時間
黑RURU CAFE,4.3,"2,156",https://www.google.com.tw/maps/place/%E9%BB%91RURU+CAFE/data=!4m7!3m6!1s0x3467ef1414ef5c0f:0xfd5a1cbab950b624!8m2!3d24.7005535!4d121.8195283!16s%2Fg%2F11s58yyrzl!19sChIJD1zvFBTvZzQRJLZQubocWv0?authuser=0&hl=zh-TW&rclk=1,,星期二、09:30 到 17:00; 星期三、09:30 到 17:00; 星期四、09:30 到 17:00; 星期五、09:30 到 17:00; 星期六、09:30 到 17:00; 星期日、09:30 到 17:00; 星期一、09:30 到 17:00. 隱藏本週營業時間
綠海咖啡,4.4,"2,089",https://www.google.com.tw/maps/place/%E7%B6%A0%E6%B5%B7%E5%92%96%E5%95%A1/data=!4m7!3m6!1s0x3467e4936715fb2d:0x1bc30752071680f1!8m2!3d24.7458185!4d121.7408897!16s%2Fg%2F1tj3ht4y!19sChIJLfsVZ5PkZzQR8YAWB1IHwxs?authuser=0&hl=zh-TW&rclk=1,260宜蘭縣宜蘭市女中路三段293號,星期二、11:00 到 15:00、17:00 到 21:00; 星期三、11:00 到 15:00、17:00 到 21:00; 星期四、11:00 到 15:00、17:00 到 21:00; 星期五、11:00 到 15:00、17:00 到 21:00; 星期六、11:00 到 21:00; 星期日、11:00 到 21:00; 星期一、11:00 到 15:00、17:00 到 21:00. 隱藏本週營業時間
光宅（恕無接待6人以上，亦無拆桌入座，營業時間請至IG及FB粉絲頁查詢）,4.0,"1,177",https://www.google.com.tw/maps/place/%E5%85%89%E5%AE%85%EF%BC%88%E6%81%95%E7%84%A1%E6%8E%A5%E5%BE%856%E4%BA%BA%E4%BB%A5%E4%B8%8A%EF%BC%8C%E4%BA%A6%E7%84%A1%E6%8B%86%E6%A1%8C%E5%85%A5%E5%BA%A7%EF%BC%8C%E7%87%9F%E6%A5%AD%E6%99%82%E9%96%93%E8%AB%8B%E8%87%B3IG%E5%8F%8AFB%E7%B2%89%E7%B5%B2%E9%A0%81%E6%9F%A5%E8%A9%A2%EF%BC%89/data=!4m7!3m6!1s0x3467e4c027521951:0x3e3f424e6062b274!8m2!3d24.7207676!4d121.7508829!16s%2Fg%2F11h0qxg1b!19sChIJURlSJ8DkZzQRdLJiYE5CPz4?authuser=0&hl=zh-TW&rclk=1,,
九號咖啡石城館,4.6,"1,109",https://www.google.com.tw/maps/place/%E4%B9%9D%E8%99%9F%E5%92%96%E5%95%A1%E7%9F%B3%E5%9F%8E%E9%A4%A8/data=!4m7!3m6!1s0x345d5d4789d34c77:0x1c8221e004bf6199!8m2!3d24.9828035!4d121.9547703!16s%2Fg%2F11kj75q_vn!19sChIJd0zTiUddXTQRmWG_BOAhghw?authuser=0&hl=zh-TW&rclk=1,261宜蘭縣頭城鎮石城路19號之6,星期二、09:30 到 16:30; 星期三、09:30 到 16:30; 星期四、09:30 到 16:30; 星期五、09:30 到 16:30; 星期六、10:00 到 17:00; 星期日、10:00 到 17:00; 星期一、09:30 到 16:30. 隱藏本週營業時間
袋鼠咖啡 （可以訂位）(不限時)（有插座）,4.6,752,https://www.google.com.tw/maps/place/%E8%A2%8B%E9%BC%A0%E5%92%96%E5%95%A1+%EF%BC%88%E5%8F%AF%E4%BB%A5%E8%A8%82%E4%BD%8D%EF%BC%89%28%E4%B8%8D%E9%99%90%E6%99%82%29%EF%BC%88%E6%9C%89%E6%8F%92%E5%BA%A7%EF%BC%89/data=!4m7!3m6!1s0x3467e67e1dbe8ed9:0x86e255770526308f!8m2!3d24.6777518!4d121.7652172!16s%2Fg%2F11b7fk37w7!19sChIJ2Y6-HX7mZzQRjzAmBXdV4oY?authuser=0&hl=zh-TW&rclk=1,265宜蘭縣羅東鎮忠孝路99號,星期二、10:00 到 18:00; 星期三、10:00 到 18:00; 星期四、休息; 星期五、10:00 到 18:00; 星期六、10:00 到 18:00; 星期日、10:00 到 18:00; 星期一、10:00 到 18:00. 隱藏本週營業時間
逗可可：甜點研究室 DOCOCO Dessert | 內用座位少｜外帶無洗手間｜週一只有外帶｜可麗露13點起,4.9,193,https://www.google.com.tw/maps/place/%E9%80%97%E5%8F%AF%E5%8F%AF%EF%BC%9A%E7%94%9C%E9%BB%9E%E7%A0%94%E7%A9%B6%E5%AE%A4+DOCOCO+Dessert+%7C+%E5%85%A7%E7%94%A8%E5%BA%A7%E4%BD%8D%E5%B0%91%EF%BD%9C%E5%A4%96%E5%B8%B6%E7%84%A1%E6%B4%97%E6%89%8B%E9%96%93%EF%BD%9C%E9%80%B1%E4%B8%80%E5%8F%AA%E6%9C%89%E5%A4%96%E5%B8%B6%EF%BD%9C%E5%8F%AF%E9%BA%97%E9%9C%B213%E9%BB%9E%E8%B5%B7/data=!4m7!3m6!1s0x3467e5497acd78a1:0x2cff24b3596a23c1!8m2!3d24.7497216!4d121.7523642!16s%2Fg%2F11lksgyxjz!19sChIJoXjNeknlZzQRwSNqWbMk_yw?authuser=0&hl=zh-TW&rclk=1,,
Coffee hooliu 泥鰍,4.5,446,https://www.google.com.tw/maps/place/Coffee+hooliu+%E6%B3%A5%E9%B0%8D/data=!4m7!3m6!1s0x3467e57f23165d45:0x720a9913ac4ffaeb!8m2!3d24.7474996!4d121.7530421!16s%2Fg%2F11hzw5ddpz!19sChIJRV0WI3_lZzQR6_pPrBOZCnI?authuser=0&hl=zh-TW&rclk=1,260宜蘭縣宜蘭市農權路118號,星期二、休息; 星期三、11:30 到 18:00; 星期四、11:30 到 18:00; 星期五、11:30 到 18:00; 星期六、11:30 到 18:00; 星期日、11:30 到 18:00; 星期一、休息. 隱藏本週營業時間
隱藏版小咖啡,4.5,568,https://www.google.com.tw/maps/place/%E9%9A%B1%E8%97%8F%E7%89%88%E5%B0%8F%E5%92%96%E5%95%A1/data=!4m7!3m6!1s0x3467e6796ee3917b:0xcffac99e36a5341b!8m2!3d24.6760235!4d121.7726646!16s%2Fg%2F11cn9f53wg!19sChIJe5HjbnnmZzQRGzSlNp7J-s8?authuser=0&hl=zh-TW&rclk=1,265宜蘭縣羅東鎮安平路100號,星期二、10:30 到 17:30; 星期三、10:30 到 17:30; 星期四、休息; 星期五、10:30 到 17:30; 星期六、10:30 到 17:30; 星期日、10:30 到 17:30; 星期一、10:30 到 17:30. 隱藏本週營業時間
川岩 River Stone Coffee (無訂位服務),4.4,604,https://www.google.com.tw/maps/place/%E5%B7%9D%E5%B2%A9+River+Stone+Coffee+%28%E7%84%A1%E8%A8%82%E4%BD%8D%E6%9C%8D%E5%8B%99%29/data=!4m7!3m6!1s0x3467f76a77e2c9cd:0xc8e4f2313ac4bbf2!8m2!3d24.8561788!4d121.8318768!16s%2Fg%2F11t3gs2w1q!19sChIJzcnid2r3ZzQR8rvEOjHy5Mg?authuser=0&hl=zh-TW&rclk=1,261宜蘭縣頭城鎮協天路636巷36-2號,星期二、11:00 到 18:00; 星期三、11:00 到 18:00; 星期四、11:00 到 18:00; 星期五、11:00 到 18:00; 星期六、11:00 到 18:00; 星期日、11:00 到 18:00; 星期一、11:00 到 18:00. 隱藏本週營業時間
散步Cafe Sanpo｜假日6位以上（含6）每人基本消費$250（需包含一杯飲品）｜手沖咖啡、蛋糕、熱壓三明治、水果燕麥優格杯｜,4.7,584,https://www.google.com.tw/maps/place/%E6%95%A3%E6%AD%A5Cafe+Sanpo%EF%BD%9C%E5%81%87%E6%97%A56%E4%BD%8D%E4%BB%A5%E4%B8%8A%EF%BC%88%E5%90%AB6%EF%BC%89%E6%AF%8F%E4%BA%BA%E5%9F%BA%E6%9C%AC%E6%B6%88%E8%B2%BB$250%EF%BC%88%E9%9C%80%E5%8C%85%E5%90%AB%E4%B8%80%E6%9D%AF%E9%A3%B2%E5%93%81%EF%BC%89%EF%BD%9C%E6%89%8B%E6%B2%96%E5%92%96%E5%95%A1%E3%80%81%E8%9B%8B%E7%B3%95%E3%80%81%E7%86%B1%E5%A3%93%E4%B8%89%E6%98%8E%E6%B2%BB%E3%80%81%E6%B0%B4%E6%9E%9C%E7%87%95%E9%BA%A5%E5%84%AA%E6%A0%BC%E6%9D%AF%EF%BD%9C/data=!4m7!3m6!1s0x3467e4dd222ca985:0x40d6f4ee1884da0c!8m2!3d24.7503889!4d121.7548646!16s%2Fg%2F11cmp6__rf!19sChIJhaksIt3kZzQRDNqEGO701kA?authuser=0&hl=zh-TW&rclk=1,260宜蘭縣宜蘭市和睦路2之20號,星期二、休息; 星期三、11:00 到 17:30; 星期四、11:00 到 17:30; 星期五、11:00 到 17:30; 星期六、11:00 到 17:30; 星期日、11:00 到 17:30; 星期一、休息. 隱藏本週營業時間
屋諾咖啡,5.0,265,https://www.google.com.tw/maps/place/%E5%B1%8B%E8%AB%BE%E5%92%96%E5%95%A1/data=!4m7!3m6!1s0x3467e5fcb3535a53:0x5e4c9356c82cb407!8m2!3d24.6951678!4d121.7691912!16s%2Fg%2F11fkxhv60r!19sChIJU1pTs_zlZzQRB7QsyFaTTF4?authuser=0&hl=zh-TW&rclk=1,268宜蘭縣五結鄉中正路二段17號,星期二、08:30 到 17:00; 星期三、08:30 到 17:00; 星期四、08:30 到 17:00; 星期五、08:30 到 17:00; 星期六、10:00 到 16:30; 星期日、休息; 星期一、08:30 到 17:00. 隱藏本週營業時間
Yilan Coffee,5.0,108,https://www.google.com.tw/maps/place/Yilan+Coffee/data=!4m7!3m6!1s0x3467e5f914303cb5:0xa6164caed25b0d2!8m2!3d24.7559957!4d121.7494665!16s%2Fg%2F11slfc0pbs!19sChIJtTwwFPnlZzQR0rAl7cpkYQo?authuser=0&hl=zh-TW&rclk=1,260宜蘭縣宜蘭市泰山路2號1樓,星期二、11:00 到 21:00; 星期三、休息; 星期四、11:00 到 21:00; 星期五、11:00 到 21:00; 星期六、11:00 到 21:00; 星期日、11:00 到 21:00; 星期一、11:00 到 21:00. 隱藏本週營業時間
山色有無中咖啡(縣政1號店),5.0,54,https://www.google.com.tw/maps/place/%E5%B1%B1%E8%89%B2%E6%9C%89%E7%84%A1%E4%B8%AD%E5%92%96%E5%95%A1%28%E7%B8%A3%E6%94%BF1%E8%99%9F%E5%BA%97%29/data=!4m7!3m6!1s0x3467e5006995a511:0x9f74f905c4fad30b!8m2!3d24.7285303!4d121.7647885!16s%2Fg%2F11y7dgm8f7!19sChIJEaWVaQDlZzQRC9P6xAX5dJ8?authuser=0&hl=zh-TW&rclk=1,260宜蘭縣宜蘭市縣政一街1號,星期二、12:00 到 18:00; 星期三、休息; 星期四、12:00 到 18:00; 星期五、12:00 到 18:00; 星期六、10:00 到 18:00; 星期日、休息; 星期一、12:00 到 18:00. 隱藏本週營業時間
Tjuku cafe 啾咕咖啡 烏石港店（基本消費6歲以上每人1杯飲品，甜點不算）,4.7,"1,101",https://www.google.com.tw/maps/place/Tjuku+cafe+%E5%95%BE%E5%92%95%E5%92%96%E5%95%A1+%E7%83%8F%E7%9F%B3%E6%B8%AF%E5%BA%97%EF%BC%88%E5%9F%BA%E6%9C%AC%E6%B6%88%E8%B2%BB6%E6%AD%B2%E4%BB%A5%E4%B8%8A%E6%AF%8F%E4%BA%BA1%E6%9D%AF%E9%A3%B2%E5%93%81%EF%BC%8C%E7%94%9C%E9%BB%9E%E4%B8%8D%E7%AE%97%EF%BC%89/data=!4m7!3m6!1s0x3467f729ae8c21ff:0xaba010129755f12f!8m2!3d24.869254!4d121.83484!16s%2Fg%2F11hymlsk_3!19sChIJ_yGMrin3ZzQRL_FVlxIQoKs?authuser=0&hl=zh-TW&rclk=1,261宜蘭縣頭城鎮港墘路60號2樓,星期二、09:00 到 17:00; 星期三、12:00 到 17:00; 星期四、09:00 到 17:00; 星期五、09:00 到 17:00; 星期六、09:00 到 17:00; 星期日、09:00 到 17:00; 星期一、09:00 到 17:00. 隱藏本週營業時間
太陽湖畔咖啡館,4.6,735,https://www.google.com.tw/maps/place/%E5%A4%AA%E9%99%BD%E6%B9%96%E7%95%94%E5%92%96%E5%95%A1%E9%A4%A8/data=!4m7!3m6!1s0x3467e3ce6b977575:0x5409e972aaa5a951!8m2!3d24.714177!4d121.680786!16s%2Fg%2F1yj4k38gq!19sChIJdXWXa87jZzQRUamlqnLpCVQ?authuser=0&hl=zh-TW&rclk=1,264宜蘭縣員山鄉內城路662號,星期二、10:00 到 17:00; 星期三、休息; 星期四、10:00 到 17:00; 星期五、10:00 到 17:00; 星期六、10:00 到 17:00; 星期日、10:00 到 17:00; 星期一、10:00 到 17:00. 隱藏本週營業時間
田中268 Café(蛋糕無外帶),4.6,277,https://www.google.com.tw/maps/place/%E7%94%B0%E4%B8%AD268+Caf%C3%A9%28%E8%9B%8B%E7%B3%95%E7%84%A1%E5%A4%96%E5%B8%B6%29/data=!4m7!3m6!1s0x3467e54d4336397d:0x1bfdb61af5b254a7!8m2!3d24.7110421!4d121.7774619!16s%2Fg%2F11q42yh9hh!19sChIJfTk2Q03lZzQRp1Sy9Rq2_Rs?authuser=0&hl=zh-TW&rclk=1,268宜蘭縣五結鄉復興五路268號,星期二、休息; 星期三、休息; 星期四、12:00 到 16:00; 星期五、12:00 到 16:00; 星期六、12:00 到 16:00; 星期日、12:00 到 16:00; 星期一、休息. 隱藏本週營業時間
地中海CASA 海洋1館 （星空2館已正式開幕！）,4.7,"3,889",https://www.google.com.tw/maps/place/%E5%9C%B0%E4%B8%AD%E6%B5%B7CASA+%E6%B5%B7%E6%B4%8B1%E9%A4%A8+%EF%BC%88%E6%98%9F%E7%A9%BA2%E9%A4%A8%E5%B7%B2%E6%AD%A3%E5%BC%8F%E9%96%8B%E5%B9%95%EF%BC%81%EF%BC%89/data=!4m7!3m6!1s0x3467e9db947c2487:0xb0f225ddf5f252c!8m2!3d24.579108!4d121.8719331!16s%2Fg%2F12m984tvk!19sChIJhyR8lNvpZzQRLCVf310iDws?authuser=0&hl=zh-TW&rclk=1,270宜蘭縣蘇澳鎮造船路94號,星期二、10:30 到 18:30; 星期三、10:30 到 18:30; 星期四、10:30 到 18:30; 星期五、10:30 到 18:30; 星期六、10:30 到 18:30; 星期日、10:30 到 18:30; 星期一、10:30 到 18:30. 隱藏本週營業時間
低珈咖啡。Bean here ｜寵物友善｜手作甜點｜自家烘豆｜,4.9,81,https://www.google.com.tw/maps/place/%E4%BD%8E%E7%8F%88%E5%92%96%E5%95%A1%E3%80%82Bean+here+%EF%BD%9C%E5%AF%B5%E7%89%A9%E5%8F%8B%E5%96%84%EF%BD%9C%E6%89%8B%E4%BD%9C%E7%94%9C%E9%BB%9E%EF%BD%9C%E8%87%AA%E5%AE%B6%E7%83%98%E8%B1%86%EF%BD%9C/data=!4m7!3m6!1s0x3467e5289ff283c7:0x41070da916bd3c57!8m2!3d24.7598199!4d121.761575!16s%2Fg%2F11pwv4rvhr!19sChIJx4PynyjlZzQRVzy9FqkNB0E?authuser=0&hl=zh-TW&rclk=1,260宜蘭縣宜蘭市林森路275號1樓,星期二、休息; 星期三、10:00 到 18:00; 星期四、10:00 到 18:00; 星期五、10:00 到 18:00; 星期六、10:00 到 18:00; 星期日、10:00 到 18:00; 星期一、休息. 隱藏本週營業時間
Pocafes波咖啡,4.6,510,https://www.google.com.tw/maps/place/Pocafes%E6%B3%A2%E5%92%96%E5%95%A1/data=!4m7!3m6!1s0x3467e68773eaec7d:0xfe1d6c9aedc2a3a4!8m2!3d24.6731117!4d121.7639827!16s%2Fg%2F11fy_qvzpr!19sChIJfezqc4fmZzQRpKPC7ZpsHf4?authuser=0&hl=zh-TW&rclk=1,265宜蘭縣羅東鎮純精路一段192號,星期二、10:00 到 18:00; 星期三、休息; 星期四、10:00 到 18:00; 星期五、10:00 到 18:00; 星期六、10:00 到 18:00; 星期日、10:00 到 18:00; 星期一、10:00 到 18:00. 隱藏本週營業時間
REVERSE COFFEE「沒有訂位服務」,4.2,"1,122",https://www.google.com.tw/maps/place/REVERSE+COFFEE%E3%80%8C%E6%B2%92%E6%9C%89%E8%A8%82%E4%BD%8D%E6%9C%8D%E5%8B%99%E3%80%8D/data=!4m7!3m6!1s0x3467e67a768093e9:0x7a33ac2014d377ca!8m2!3d24.6728151!4d121.7761886!16s%2Fg%2F11hbsryq_d!19sChIJ6ZOAdnrmZzQRynfTFCCsM3o?authuser=0&hl=zh-TW&rclk=1,265宜蘭縣羅東鎮羅莊街445號,星期二、12:00 到 17:00; 星期三、11:00 到 18:00; 星期四、11:00 到 18:00; 星期五、11:00 到 18:00; 星期六、11:00 到 18:00; 星期日、11:00 到 18:00; 星期一、休息. 隱藏本週營業時間
Inner Child 陶焙咖啡(一人小店，請耐心等候),4.9,90,https://www.google.com.tw/maps/place/Inner+Child+%E9%99%B6%E7%84%99%E5%92%96%E5%95%A1%28%E4%B8%80%E4%BA%BA%E5%B0%8F%E5%BA%97%EF%BC%8C%E8%AB%8B%E8%80%90%E5%BF%83%E7%AD%89%E5%80%99%29/data=!4m7!3m6!1s0x3467e5a8ae7e2ecf:0x6aaf1ceeb1dda287!8m2!3d24.7398864!4d121.7219391!16s%2Fg%2F11tdlx65b_!19sChIJzy5-rqjlZzQRh6Ldse4cr2o?authuser=0&hl=zh-TW&rclk=1,264宜蘭縣員山鄉賢德路二段317號,星期二、休息; 星期三、休息; 星期四、休息; 星期五、休息; 星期六、10:00 到 17:00; 星期日、10:00 到 17:00; 星期一、休息. 隱藏本週營業時間
黑宅 Black House,4.3,"2,518",https://www.google.com.tw/maps/place/%E9%BB%91%E5%AE%85+Black+House/data=!4m10!3m9!1s0x3467fa11105cdff3:0xd9bd7856c26142d5!5m2!4m1!1i2!8m2!3d24.8308755!4d121.7957697!16s%2Fg%2F11cnq516k_!19sChIJ899cEBH6ZzQR1UJhwlZ4vdk?authuser=0&hl=zh-TW&rclk=1,,
Caffe bene 咖啡伴宜蘭女中門市,4.8,122,https://www.google.com.tw/maps/place/Caffe+bene+%E5%92%96%E5%95%A1%E4%BC%B4%E5%AE%9C%E8%98%AD%E5%A5%B3%E4%B8%AD%E9%96%80%E5%B8%82/data=!4m7!3m6!1s0x3467e56fc74cfb65:0x1fe72fd04e27e612!8m2!3d24.7475811!4d121.735104!16s%2Fg%2F11rv7vws42!19sChIJZftMx2_lZzQREuYnTtAv5x8?authuser=0&hl=zh-TW&rclk=1,260宜蘭縣宜蘭市女中路三段553號,星期二、休息; 星期三、11:00 到 19:00; 星期四、11:00 到 19:00; 星期五、11:00 到 19:00; 星期六、11:00 到 19:00; 星期日、11:00 到 19:00; 星期一、休息. 隱藏本週營業時間
浪人咖啡廳 Surfer Cafe’ Shop（網路推薦人氣咖啡廳）,5.0,57,https://www.google.com.tw/maps/place/%E6%B5%AA%E4%BA%BA%E5%92%96%E5%95%A1%E5%BB%B3+Surfer+Cafe%E2%80%99+Shop%EF%BC%88%E7%B6%B2%E8%B7%AF%E6%8E%A8%E8%96%A6%E4%BA%BA%E6%B0%A3%E5%92%96%E5%95%A1%E5%BB%B3%EF%BC%89/data=!4m7!3m6!1s0x3467f751c783a0a7:0x96f4a136d5e16c13!8m2!3d24.8750219!4d121.839985!16s%2Fg%2F11mwj8n6bg!19sChIJp6CDx1H3ZzQRE2zh1Tah9JY?authuser=0&hl=zh-TW&rclk=1,261宜蘭縣頭城鎮烏石港路102-1號,星期二、08:00 到 16:00; 星期三、08:00 到 16:00; 星期四、08:00 到 16:00; 星期五、08:00 到 16:00; 星期六、08:00 到 16:00; 星期日、08:00 到 16:00; 星期一、08:00 到 16:00. 隱藏本週營業時間
花轟小姐 Cake.Coffee.Dessert │宜蘭甜點&咖啡廳│宜蘭訂製生日蛋糕,4.6,815,https://www.google.com.tw/maps/place/%E8%8A%B1%E8%BD%9F%E5%B0%8F%E5%A7%90+Cake.Coffee.Dessert+%E2%94%82%E5%AE%9C%E8%98%AD%E7%94%9C%E9%BB%9E%26%E5%92%96%E5%95%A1%E5%BB%B3%E2%94%82%E5%AE%9C%E8%98%AD%E8%A8%82%E8%A3%BD%E7%94%9F%E6%97%A5%E8%9B%8B%E7%B3%95/data=!4m7!3m6!1s0x3467faf6a44b01ff:0x28a80b020926bc66!8m2!3d24.7516592!4d121.7385888!16s%2Fg%2F11gd1w8d_1!19sChIJ_wFLpPb6ZzQRZrwmCQILqCg?authuser=0&hl=zh-TW&rclk=1,260宜蘭縣宜蘭市泰山路285號,星期二、11:00 到 18:00; 星期三、11:00 到 18:00; 星期四、11:00 到 18:00; 星期五、11:00 到 18:00; 星期六、11:00 到 18:00; 星期日、11:00 到 18:00; 星期一、11:00 到 18:00. 隱藏本週營業時間
灆咖啡Seaview Coffee,4.3,543,https://www.google.com.tw/maps/place/%E7%81%86%E5%92%96%E5%95%A1Seaview+Coffee/data=!4m7!3m6!1s0x345d5d356e91a7cf:0x3dbeb1daeaa4fd78!8m2!3d24.9836225!4d121.9592766!16s%2Fg%2F11hgbmb811!19sChIJz6eRbjVdXTQReP2k6tqxvj0?authuser=0&hl=zh-TW&rclk=1,261宜蘭縣頭城鎮濱海路七段350號,星期二、10:00 到 17:00; 星期三、10:00 到 17:00; 星期四、10:00 到 17:00; 星期五、10:00 到 17:00; 星期六、10:00 到 17:00; 星期日、10:00 到 17:00; 星期一、10:00 到 17:00. 隱藏本週營業時間
哈巴夏咖啡．HABESHA COFFEE｜咖啡豆｜自家烘焙｜手沖咖啡｜咖啡豆零售批發,5.0,84,https://www.google.com.tw/maps/place/%E5%93%88%E5%B7%B4%E5%A4%8F%E5%92%96%E5%95%A1%EF%BC%8EHABESHA+COFFEE%EF%BD%9C%E5%92%96%E5%95%A1%E8%B1%86%EF%BD%9C%E8%87%AA%E5%AE%B6%E7%83%98%E7%84%99%EF%BD%9C%E6%89%8B%E6%B2%96%E5%92%96%E5%95%A1%EF%BD%9C%E5%92%96%E5%95%A1%E8%B1%86%E9%9B%B6%E5%94%AE%E6%89%B9%E7%99%BC/data=!4m7!3m6!1s0x3467e5676eeb239b:0xecebf39801cd0672!8m2!3d24.7655653!4d121.7671066!16s%2Fg%2F11qn7scm0y!19sChIJmyPrbmflZzQRcgbNAZjz6-w?authuser=0&hl=zh-TW&rclk=1,260宜蘭縣宜蘭市慈安路241號,星期二、12:00 到 18:00; 星期三、12:00 到 18:00; 星期四、休息; 星期五、12:00 到 18:00; 星期六、12:00 到 18:00; 星期日、休息; 星期一、休息. 隱藏本週營業時間
酷狗咖啡 KUGO CAFÉ,4.9,72,https://www.google.com.tw/maps/place/%E9%85%B7%E7%8B%97%E5%92%96%E5%95%A1+KUGO+CAF%C3%89/data=!4m7!3m6!1s0x3467e500167c9f7f:0x5bc5e7045c0031d0!8m2!3d24.7074882!4d121.7705757!16s%2Fg%2F11w9tx7h84!19sChIJf598FgDlZzQR0DEAXATnxVs?authuser=0&hl=zh-TW&rclk=1,268宜蘭縣五結鄉中正路三段169巷12號1樓,星期二、休息; 星期三、休息; 星期四、休息; 星期五、12:00 到 22:00; 星期六、12:00 到 22:00; 星期日、12:00 到 22:00; 星期一、11:00 到 18:00. 隱藏本週營業時間
We Cafe我們的海灣咖啡-南方澳內埤海灣,4.7,877,https://www.google.com.tw/maps/place/We+Cafe%E6%88%91%E5%80%91%E7%9A%84%E6%B5%B7%E7%81%A3%E5%92%96%E5%95%A1-%E5%8D%97%E6%96%B9%E6%BE%B3%E5%85%A7%E5%9F%A4%E6%B5%B7%E7%81%A3/data=!4m7!3m6!1s0x3467e9db926a11d7:0xdaf95874d9add718!8m2!3d24.5789096!4d121.872536!16s%2Fg%2F11b6dfx024!19sChIJ1xFqktvpZzQRGNet2XRY-do?authuser=0&hl=zh-TW&rclk=1,270宜蘭縣蘇澳鎮造船路112號,星期二、12:30 到 19:00; 星期三、12:30 到 19:00; 星期四、休息; 星期五、12:30 到 19:00; 星期六、11:30 到 20:00; 星期日、11:30 到 19:00; 星期一、12:30 到 19:00. 隱藏本週營業時間
HaoHaoKaffe | Cafe bar & Dining,4.3,632,https://www.google.com.tw/maps/place/HaoHaoKaffe+%7C+Cafe+bar+%26+Dining/data=!4m7!3m6!1s0x3467e67d58db21f3:0xf921b80e47c99af5!8m2!3d24.6804783!4d121.7775658!16s%2Fg%2F12m9hn878!19sChIJ8yHbWH3mZzQR9ZrJRw64Ifk?authuser=0&hl=zh-TW&rclk=1,265宜蘭縣羅東鎮光榮路415號2樓,星期二、10:00 到 18:00; 星期三、休息; 星期四、休息; 星期五、10:00 到 18:00; 星期六、10:00 到 18:00; 星期日、10:00 到 18:00; 星期一、10:00 到 18:00. 隱藏本週營業時間
La pensée Café - 凡思咖啡,4.8,533,https://www.google.com.tw/maps/place/La+pens%C3%A9e+Caf%C3%A9+-+%E5%87%A1%E6%80%9D%E5%92%96%E5%95%A1/data=!4m7!3m6!1s0x3467e686825d1941:0xb6bc405129c14eec!8m2!3d24.6759961!4d121.759559!16s%2Fg%2F11c54mw8hq!19sChIJQRldgobmZzQR7E7BKVFAvLY?authuser=0&hl=zh-TW&rclk=1,265宜蘭縣羅東鎮四育路10號,星期二、10:00 到 18:00; 星期三、10:00 到 18:00; 星期四、10:00 到 18:00; 星期五、10:00 到 18:00; 星期六、10:00 到 18:00; 星期日、10:00 到 18:00; 星期一、10:00 到 18:00. 隱藏本週營業時間
一人喫茶店//窯烤披薩週末限定(披薩最後點餐7點)//披薩沒供應日將在IG FB公告//營業時間到6點代表當天沒有供應披薩,5.0,223,https://www.google.com.tw/maps/place/%E4%B8%80%E4%BA%BA%E5%96%AB%E8%8C%B6%E5%BA%97%2F%2F%E7%AA%AF%E7%83%A4%E6%8A%AB%E8%96%A9%E9%80%B1%E6%9C%AB%E9%99%90%E5%AE%9A%28%E6%8A%AB%E8%96%A9%E6%9C%80%E5%BE%8C%E9%BB%9E%E9%A4%907%E9%BB%9E%29%2F%2F%E6%8A%AB%E8%96%A9%E6%B2%92%E4%BE%9B%E6%87%89%E6%97%A5%E5%B0%87%E5%9C%A8IG+FB%E5%85%AC%E5%91%8A%2F%2F%E7%87%9F%E6%A5%AD%E6%99%82%E9%96%93%E5%88%B06%E9%BB%9E%E4%BB%A3%E8%A1%A8%E7%95%B6%E5%A4%A9%E6%B2%92%E6%9C%89%E4%BE%9B%E6%87%89%E6%8A%AB%E8%96%A9/data=!4m7!3m6!1s0x3467e7fc2da4f78d:0x6aff95a48ec90b22!8m2!3d24.6781084!4d121.7599974!16s%2Fg%2F11sf1bfycn!19sChIJjfekLfznZzQRIgvJjqSV_2o?authuser=0&hl=zh-TW&rclk=1,265宜蘭縣羅東鎮培英路80號,星期二、休息; 星期三、休息; 星期四、休息; 星期五、12:00 到 18:00; 星期六、12:00 到 20:00; 星期日、12:00 到 20:00; 星期一、12:00 到 18:00. 隱藏本週營業時間
蒔花 DailyBlossom Cafe & More,4.0,"1,661",https://www.google.com.tw/maps/place/%E8%92%94%E8%8A%B1+DailyBlossom+Cafe+%26+More/data=!4m7!3m6!1s0x3467fb2f76e39749:0x3af5467ade95eebb!8m2!3d24.8197925!4d121.7579995!16s%2Fg%2F11jg0srfwf!19sChIJSZfjdi_7ZzQRu-6V3npG9To?authuser=0&hl=zh-TW&rclk=1,26249宜蘭縣礁溪鄉十六結路23之17號,星期二、10:00 到 18:00; 星期三、10:00 到 18:00; 星期四、10:00 到 18:00; 星期五、10:00 到 18:00; 星期六、10:00 到 18:00; 星期日、10:00 到 18:00; 星期一、10:00 到 18:00. 隱藏本週營業時間
Deep coffee紳度咖啡,4.8,281,https://www.google.com.tw/maps/place/Deep+coffee%E7%B4%B3%E5%BA%A6%E5%92%96%E5%95%A1/data=!4m7!3m6!1s0x3467e7ba0aa153b3:0x6f49b78fece0f003!8m2!3d24.6776038!4d121.7685859!16s%2Fg%2F11grpqrxxw!19sChIJs1OhCrrnZzQRA_Dg7I-3SW8?authuser=0&hl=zh-TW&rclk=1,265宜蘭縣羅東鎮民生路88號,星期二、休息; 星期三、13:00 到 18:00; 星期四、13:00 到 18:00; 星期五、13:00 到 18:00; 星期六、13:00 到 18:00; 星期日、13:00 到 18:00; 星期一、休息. 隱藏本週營業時間
鳴草咖啡 自家烘焙館,4.7,452,https://www.google.com.tw/maps/place/%E9%B3%B4%E8%8D%89%E5%92%96%E5%95%A1+%E8%87%AA%E5%AE%B6%E7%83%98%E7%84%99%E9%A4%A8/data=!4m7!3m6!1s0x3467f70d22619b09:0xddfb4edc41172659!8m2!3d24.7597152!4d121.7514815!16s%2Fg%2F11cmq_wjq3!19sChIJCZthIg33ZzQRWSYXQdxO-90?authuser=0&hl=zh-TW&rclk=1,260宜蘭縣宜蘭市碧霞街20-1號,星期二、13:00 到 18:00; 星期三、休息; 星期四、13:00 到 18:00; 星期五、13:00 到 18:00; 星期六、13:00 到 18:00; 星期日、13:00 到 18:00; 星期一、13:00 到 18:00. 隱藏本週營業時間
萊捷咖啡,5.0,41,https://www.google.com.tw/maps/place/%E8%90%8A%E6%8D%B7%E5%92%96%E5%95%A1/data=!4m7!3m6!1s0x3467e5001ca241e1:0x65380caeeda191ff!8m2!3d24.7237967!4d121.759422!16s%2Fg%2F11w3_gkzr4!19sChIJ4UGiHADlZzQR_5Gh7a4MOGU?authuser=0&hl=zh-TW&rclk=1,260宜蘭縣宜蘭市建蘭南路240號,星期二、休息; 星期三、11:00 到 19:00; 星期四、11:00 到 19:00; 星期五、11:00 到 19:00; 星期六、11:00 到 19:00; 星期日、11:00 到 19:00; 星期一、11:00 到 19:00. 隱藏本週營業時間
握咖啡Oh！Cafe宜蘭羅東店,4.6,518,https://www.google.com.tw/maps/place/%E6%8F%A1%E5%92%96%E5%95%A1Oh%EF%BC%81Cafe%E5%AE%9C%E8%98%AD%E7%BE%85%E6%9D%B1%E5%BA%97/data=!4m7!3m6!1s0x3467e5d3daf02915:0xd9078988ddd6e1bc!8m2!3d24.688212!4d121.7702561!16s%2Fg%2F11c2r5t3zk!19sChIJFSnw2tPlZzQRvOHW3YiJB9k?authuser=0&hl=zh-TW&rclk=1,265宜蘭縣羅東鎮純精路三段453號,星期二、10:00 到 18:00; 星期三、10:00 到 18:00; 星期四、10:00 到 18:00; 星期五、10:00 到 18:00; 星期六、10:00 到 18:00; 星期日、10:00 到 18:00; 星期一、10:00 到 18:00. 隱藏本週營業時間
云頂手作咖啡坊（宜蘭在地13年自家烘焙，宜蘭必吃千層）,4.7,172,https://www.google.com.tw/maps/place/%E4%BA%91%E9%A0%82%E6%89%8B%E4%BD%9C%E5%92%96%E5%95%A1%E5%9D%8A%EF%BC%88%E5%AE%9C%E8%98%AD%E5%9C%A8%E5%9C%B013%E5%B9%B4%E8%87%AA%E5%AE%B6%E7%83%98%E7%84%99%EF%BC%8C%E5%AE%9C%E8%98%AD%E5%BF%85%E5%90%83%E5%8D%83%E5%B1%A4%EF%BC%89/data=!4m7!3m6!1s0x3467e4e9c2700f6d:0xa165548eb1201c99!8m2!3d24.6420863!4d121.7950212!16s%2Fg%2F11b_2ryf51!19sChIJbQ9wwunkZzQRmRwgsY5UZaE?authuser=0&hl=zh-TW&rclk=1,269宜蘭縣冬山鄉富農路一段319號,星期二、休息; 星期三、11:00 到 18:00; 星期四、11:00 到 18:00; 星期五、11:00 到 18:00; 星期六、10:30 到 18:00; 星期日、10:30 到 18:00; 星期一、11:00 到 18:00. 隱藏本週營業時間
CAFÉ & Hinoki-珈啡座,4.7,161,https://www.google.com.tw/maps/place/CAF%C3%89+%26+Hinoki-%E7%8F%88%E5%95%A1%E5%BA%A7/data=!4m7!3m6!1s0x3467e4c243765ebb:0x584b1ed6001da7db!8m2!3d24.7510265!4d121.7499608!16s%2Fg%2F1tvyjh9j!19sChIJu152Q8LkZzQR26cdANYeS1g?authuser=0&hl=zh-TW&rclk=1,260宜蘭縣宜蘭市民權新路62號1F,星期二、10:00 到 17:00; 星期三、10:00 到 17:00; 星期四、10:00 到 17:00; 星期五、10:00 到 17:00; 星期六、10:00 到 17:00; 星期日、休息; 星期一、10:00 到 17:00. 隱藏本週營業時間
綠羽咖啡 Soar cafe/羅東美食/下午茶/咖啡廳/甜點,4.9,203,https://www.google.com.tw/maps/place/%E7%B6%A0%E7%BE%BD%E5%92%96%E5%95%A1+Soar+cafe%2F%E7%BE%85%E6%9D%B1%E7%BE%8E%E9%A3%9F%2F%E4%B8%8B%E5%8D%88%E8%8C%B6%2F%E5%92%96%E5%95%A1%E5%BB%B3%2F%E7%94%9C%E9%BB%9E/data=!4m7!3m6!1s0x3467e5f24ccc12bb:0xed34c0a8ab02368e!8m2!3d24.6814884!4d121.7706063!16s%2Fg%2F11hdxvfln_!19sChIJuxLMTPLlZzQRjjYCq6jANO0?authuser=0&hl=zh-TW&rclk=1,265宜蘭縣羅東鎮天津路102號一樓,星期二、休息; 星期三、11:00 到 18:00; 星期四、11:00 到 18:00; 星期五、11:00 到 18:00; 星期六、11:00 到 18:00; 星期日、休息; 星期一、休息. 隱藏本週營業時間
天ㄟ咖啡,4.5,"2,138",https://www.google.com.tw/maps/place/%E5%A4%A9%E3%84%9F%E5%92%96%E5%95%A1/data=!4m7!3m6!1s0x3467e727b9a1cfb7:0x6cf1d4a9b088587a!8m2!3d24.6456199!4d121.7325804!16s%2Fg%2F11g_9pmdf!19sChIJt8-huSfnZzQReliIsKnU8Ww?authuser=0&hl=zh-TW&rclk=1,269宜蘭縣冬山鄉大埤二路75巷26號,星期二、10:30 到 19:00; 星期三、10:30 到 19:00; 星期四、10:30 到 19:00; 星期五、10:30 到 19:00; 星期六、10:30 到 19:00; 星期日、10:30 到 19:00; 星期一、10:30 到 19:00. 隱藏本週營業時間
JUJU LAND CAFE 舒芙蕾厚鬆餅,4.8,587,https://www.google.com.tw/maps/place/JUJU+LAND+CAFE+%E8%88%92%E8%8A%99%E8%95%BE%E5%8E%9A%E9%AC%86%E9%A4%85/data=!4m7!3m6!1s0x3467e4c285ffa343:0xdf281c338b4f8d72!8m2!3d24.748751!4d121.75143!16s%2Fg%2F11ggsfzpj3!19sChIJQ6P_hcLkZzQRco1PizMcKN8?authuser=0&hl=zh-TW&rclk=1,,
Holi.Daily寵物友善咖啡廳（專賣可麗露、可頌鬆餅、布丁各式甜點 公休時間IG公告）,4.8,105,https://www.google.com.tw/maps/place/Holi.Daily%E5%AF%B5%E7%89%A9%E5%8F%8B%E5%96%84%E5%92%96%E5%95%A1%E5%BB%B3%EF%BC%88%E5%B0%88%E8%B3%A3%E5%8F%AF%E9%BA%97%E9%9C%B2%E3%80%81%E5%8F%AF%E9%A0%8C%E9%AC%86%E9%A4%85%E3%80%81%E5%B8%83%E4%B8%81%E5%90%84%E5%BC%8F%E7%94%9C%E9%BB%9E+%E5%85%AC%E4%BC%91%E6%99%82%E9%96%93IG%E5%85%AC%E5%91%8A%EF%BC%89/data=!4m7!3m6!1s0x3467e77674895d21:0x66c02e43aafc965d!8m2!3d24.6748163!4d121.7688206!16s%2Fg%2F11sbh98sb_!19sChIJIV2JdHbnZzQRXZb8qkMuwGY?authuser=0&hl=zh-TW&rclk=1,265宜蘭縣羅東鎮公園路88號,星期二、休息; 星期三、12:00 到 21:00; 星期四、12:00 到 21:00; 星期五、12:00 到 21:00; 星期六、10:00 到 22:00; 星期日、10:00 到 22:00; 星期一、休息. 隱藏本週營業時間
ㄕㄨˋㄖㄣˊ咖啡『預約制』|咖啡|甜點|空間|,4.9,52,https://www.google.com.tw/maps/place/%E3%84%95%E3%84%A8%CB%8B%E3%84%96%E3%84%A3%CB%8A%E5%92%96%E5%95%A1%E3%80%8E%E9%A0%90%E7%B4%84%E5%88%B6%E3%80%8F%7C%E5%92%96%E5%95%A1%7C%E7%94%9C%E9%BB%9E%7C%E7%A9%BA%E9%96%93%7C/data=!4m7!3m6!1s0x3467e734acf960af:0xd55d851d3ea88ddd!8m2!3d24.680736!4d121.7631982!16s%2Fg%2F11n6q3cvqy!19sChIJr2D5rDTnZzQR3Y2oPh2FXdU?authuser=0&hl=zh-TW&rclk=1,265宜蘭縣羅東鎮樹人路6號,星期二、08:00 到 22:00; 星期三、08:00 到 22:00; 星期四、08:00 到 22:00; 星期五、08:00 到 22:00; 星期六、12:00 到 22:00; 星期日、08:00 到 22:00; 星期一、08:00 到 22:00. 隱藏本週營業時間
ChouChou 可麗露專賣（原- 瑪德琳咖啡）早午餐/午餐/下午茶/宜蘭伴手禮,4.5,"1,033",https://www.google.com.tw/maps/place/ChouChou+%E5%8F%AF%E9%BA%97%E9%9C%B2%E5%B0%88%E8%B3%A3%EF%BC%88%E5%8E%9F-+%E7%91%AA%E5%BE%B7%E7%90%B3%E5%92%96%E5%95%A1%EF%BC%89%E6%97%A9%E5%8D%88%E9%A4%90%2F%E5%8D%88%E9%A4%90%2F%E4%B8%8B%E5%8D%88%E8%8C%B6%2F%E5%AE%9C%E8%98%AD%E4%BC%B4%E6%89%8B%E7%A6%AE/data=!4m7!3m6!1s0x3467fb6cbfa59281:0x65284b4710839e6f!8m2!3d24.7661827!4d121.7680122!16s%2Fg%2F1tqtvmkt!19sChIJgZKlv2z7ZzQRb56DEEdLKGU?authuser=0&hl=zh-TW&rclk=1,260宜蘭縣宜蘭市大福路一段130號,星期二、休息; 星期三、10:00 到 17:00; 星期四、10:00 到 17:00; 星期五、10:00 到 17:00; 星期六、10:00 到 17:00; 星期日、10:00 到 17:00; 星期一、10:00 到 17:00. 隱藏本週營業時間
三隻貓咖啡,4.1,562,https://www.google.com.tw/maps/place/%E4%B8%89%E9%9A%BB%E8%B2%93%E5%92%96%E5%95%A1/data=!4m7!3m6!1s0x3467e662f77b861b:0x7a18d96f51f1bce7!8m2!3d24.7487139!4d121.7602103!16s%2Fg%2F11c5gfbrt3!19sChIJG4Z792LmZzQR57zxUW_ZGHo?authuser=0&hl=zh-TW&rclk=1,260宜蘭縣宜蘭市陽明路277號,星期二、09:30 到 20:00; 星期三、09:30 到 20:00; 星期四、09:30 到 20:00; 星期五、09:30 到 20:00; 星期六、09:30 到 17:00; 星期日、09:30 到 17:00; 星期一、休息. 隱藏本週營業時間
花見日和はなみびより,4.9,386,https://www.google.com.tw/maps/place/%E8%8A%B1%E8%A6%8B%E6%97%A5%E5%92%8C%E3%81%AF%E3%81%AA%E3%81%BF%E3%81%B3%E3%82%88%E3%82%8A/data=!4m7!3m6!1s0x3467e587fe689f53:0x8199aaa082a4090b!8m2!3d24.6820823!4d121.7773526!16s%2Fg%2F11t2z6tnnd!19sChIJU59o_oflZzQRCwmkgqCqmYE?authuser=0&hl=zh-TW&rclk=1,268宜蘭縣五結鄉五結路三段669號,星期二、13:00 到 18:30; 星期三、休息; 星期四、13:00 到 18:30; 星期五、13:00 到 18:30; 星期六、13:00 到 18:30; 星期日、13:00 到 18:30; 星期一、13:00 到 18:30. 隱藏本週營業時間
漫步小森林/貓/咖啡/不接待12歳以下孩童（4/28、5/3店休）,5.0,294,https://www.google.com.tw/maps/place/%E6%BC%AB%E6%AD%A5%E5%B0%8F%E6%A3%AE%E6%9E%97%2F%E8%B2%93%2F%E5%92%96%E5%95%A1%2F%E4%B8%8D%E6%8E%A5%E5%BE%8512%E6%AD%B3%E4%BB%A5%E4%B8%8B%E5%AD%A9%E7%AB%A5%EF%BC%884%2F28%E3%80%815%2F3%E5%BA%97%E4%BC%91%EF%BC%89/data=!4m7!3m6!1s0x3467e11175f22cfb:0x60ee7c5672daf89c!8m2!3d24.671787!4d121.6888331!16s%2Fg%2F11c2k7dwyw!19sChIJ-yzydRHhZzQRnPjaclZ87mA?authuser=0&hl=zh-TW&rclk=1,"No. 8號, 行健二路, 二段, 三星鄉宜蘭縣266",星期二、休息; 星期三、休息; 星期四、休息; 星期五、休息; 星期六、13:00 到 18:00; 星期日、13:00 到 18:00; 星期一、13:00 到 18:00. 隱藏本週營業時間
逗逗商號,4.6,168,https://www.google.com.tw/maps/place/%E9%80%97%E9%80%97%E5%95%86%E8%99%9F/data=!4m7!3m6!1s0x3467e4e822dfcbaf:0x5c28f256dfb518ba!8m2!3d24.7482496!4d121.7521904!16s%2Fg%2F11c5sd84l2!19sChIJr8vfIujkZzQRuhi131byKFw?authuser=0&hl=zh-TW&rclk=1,260宜蘭縣宜蘭市弘志路81號,星期二、13:00 到 18:00; 星期三、13:00 到 18:00; 星期四、休息; 星期五、休息; 星期六、13:00 到 18:00; 星期日、13:00 到 18:00; 星期一、13:00 到 18:00. 隱藏本週營業時間
小眼睛手作咖啡館,4.6,61,https://www.google.com.tw/maps/place/%E5%B0%8F%E7%9C%BC%E7%9D%9B%E6%89%8B%E4%BD%9C%E5%92%96%E5%95%A1%E9%A4%A8/data=!4m7!3m6!1s0x3467e34bc1843803:0x6ed8747e518ed0c8!8m2!3d24.7735989!4d121.7098425!16s%2Fg%2F12m8z00_c!19sChIJAziEwUvjZzQRyNCOUX502G4?authuser=0&hl=zh-TW&rclk=1,264宜蘭縣員山鄉慶安一路75號,星期二、休息; 星期三、休息; 星期四、休息; 星期五、休息; 星期六、休息; 星期日、13:00 到 15:00; 星期一、休息. 隱藏本週營業時間
藍調 x YOLO's 咖啡 羅東店,4.8,393,https://www.google.com.tw/maps/place/%E8%97%8D%E8%AA%BF+x+YOLO%27s+%E5%92%96%E5%95%A1+%E7%BE%85%E6%9D%B1%E5%BA%97/data=!4m7!3m6!1s0x3467e7fbae3ddeb3:0x15e1005f9d95fc9f!8m2!3d24.6776369!4d121.7693894!16s%2Fg%2F11q24chct4!19sChIJs949rvvnZzQRn_yVnV8A4RU?authuser=0&hl=zh-TW&rclk=1,265宜蘭縣羅東鎮天津路6-1號號1樓,星期二、07:30 到 18:00; 星期三、07:30 到 18:00; 星期四、07:30 到 18:00; 星期五、07:30 到 18:00; 星期六、07:30 到 18:00; 星期日、07:30 到 18:00; 星期一、07:30 到 18:00. 隱藏本週營業時間
烏龜島OGOOD 咖啡甜點伴手禮|宜蘭名產|下午茶|採現場候位最後出餐17:00,4.7,"1,502",https://www.google.com.tw/maps/place/%E7%83%8F%E9%BE%9C%E5%B3%B6OGOOD+%E5%92%96%E5%95%A1%E7%94%9C%E9%BB%9E%E4%BC%B4%E6%89%8B%E7%A6%AE%7C%E5%AE%9C%E8%98%AD%E5%90%8D%E7%94%A2%7C%E4%B8%8B%E5%8D%88%E8%8C%B6%7C%E6%8E%A1%E7%8F%BE%E5%A0%B4%E5%80%99%E4%BD%8D%E6%9C%80%E5%BE%8C%E5%87%BA%E9%A4%9017:00/data=!4m7!3m6!1s0x3467e790d76bc3db:0xd06b48b7bb33df9d!8m2!3d24.6798928!4d121.7327695!16s%2Fg%2F11fj2mf5p6!19sChIJ28Nr15DnZzQRnd8zu7dIa9A?authuser=0&hl=zh-TW&rclk=1,,
北后寺・聽水(營業時間以IG公告為主),4.5,250,https://www.google.com.tw/maps/place/%E5%8C%97%E5%90%8E%E5%AF%BA%E3%83%BB%E8%81%BD%E6%B0%B4%28%E7%87%9F%E6%A5%AD%E6%99%82%E9%96%93%E4%BB%A5IG%E5%85%AC%E5%91%8A%E7%82%BA%E4%B8%BB%29/data=!4m7!3m6!1s0x3467e3fc1559c81b:0xc09fdcd689f7d1fa!8m2!3d24.7273856!4d121.711504!16s%2Fg%2F11k50pd55_!19sChIJG8hZFfzjZzQR-tH3idbcn8A?authuser=0&hl=zh-TW&rclk=1,264宜蘭縣員山鄉八甲路4號,星期二、09:30 到 16:30; 星期三、09:30 到 16:30; 星期四、09:30 到 16:30; 星期五、09:30 到 16:30; 星期六、09:30 到 16:30; 星期日、09:30 到 16:30; 星期一、09:30 到 16:30. 隱藏本週營業時間
覺品 Initiate Coffee｜千層蛋糕｜咖啡專賣｜咖啡教學｜,4.9,170,https://www.google.com.tw/maps/place/%E8%A6%BA%E5%93%81+Initiate+Coffee%EF%BD%9C%E5%8D%83%E5%B1%A4%E8%9B%8B%E7%B3%95%EF%BD%9C%E5%92%96%E5%95%A1%E5%B0%88%E8%B3%A3%EF%BD%9C%E5%92%96%E5%95%A1%E6%95%99%E5%AD%B8%EF%BD%9C/data=!4m7!3m6!1s0x3467e539d25604a5:0xb65800c95346b47f!8m2!3d24.6866556!4d121.7518726!16s%2Fg%2F11vj5gd3lt!19sChIJpQRW0jnlZzQRf7RGU8kAWLY?authuser=0&hl=zh-TW&rclk=1,265宜蘭縣羅東鎮四維路165號,星期二、10:00 到 18:00; 星期三、休息; 星期四、10:00 到 18:00; 星期五、10:00 到 18:00; 星期六、10:00 到 18:00; 星期日、10:00 到 18:00; 星期一、10:00 到 18:00. 隱藏本週營業時間
地中海CasA 星空2館 （原兔子迷宮，全新團隊！）,3.9,"5,591",https://www.google.com.tw/maps/place/%E5%9C%B0%E4%B8%AD%E6%B5%B7CasA+%E6%98%9F%E7%A9%BA2%E9%A4%A8+%EF%BC%88%E5%8E%9F%E5%85%94%E5%AD%90%E8%BF%B7%E5%AE%AE%EF%BC%8C%E5%85%A8%E6%96%B0%E5%9C%98%E9%9A%8A%EF%BC%81%EF%BC%89/data=!4m7!3m6!1s0x3467e4a9b265f23f:0x531ec6ab0c2cec7e!8m2!3d24.7695611!4d121.7214625!16s%2Fg%2F1q66ppf9b!19sChIJP_JlsqnkZzQRfuwsDKvGHlM?authuser=0&hl=zh-TW&rclk=1,,
蝦胖咖啡社,5.0,84,https://www.google.com.tw/maps/place/%E8%9D%A6%E8%83%96%E5%92%96%E5%95%A1%E7%A4%BE/data=!4m7!3m6!1s0x3467e70982ad1d59:0x547cd3a28893ef23!8m2!3d24.6757054!4d121.7631956!16s%2Fg%2F11s78qywk3!19sChIJWR2tggnnZzQRI--TiKLTfFQ?authuser=0&hl=zh-TW&rclk=1,265009宜蘭縣羅東鎮純精路二段51巷2號,星期二、10:00 到 18:00; 星期三、10:00 到 18:00; 星期四、10:00 到 18:00; 星期五、10:00 到 18:00; 星期六、09:00 到 18:00; 星期日、休息; 星期一、休息. 隱藏本週營業時間
上樓看看,4.8,149,https://www.google.com.tw/maps/place/%E4%B8%8A%E6%A8%93%E7%9C%8B%E7%9C%8B/data=!4m7!3m6!1s0x3467e5d5d307ea91:0x9366abd972fa8ed5!8m2!3d24.6835714!4d121.7703868!16s%2Fg%2F11gb3qp5qy!19sChIJkeoH09XlZzQR1Y76ctmrZpM?authuser=0&hl=zh-TW&rclk=1,265宜蘭縣羅東鎮興東路256號3 樓,星期二、13:00 到 18:00; 星期三、休息; 星期四、13:00 到 18:00; 星期五、13:00 到 18:00; 星期六、13:00 到 18:00; 星期日、休息; 星期一、13:00 到 18:00. 隱藏本週營業時間
佬家咖啡(店休參考 fb、ig 相片,4.9,301,https://www.google.com.tw/maps/place/%E4%BD%AC%E5%AE%B6%E5%92%96%E5%95%A1%28%E5%BA%97%E4%BC%91%E5%8F%83%E8%80%83+fb%E3%80%81ig+%E7%9B%B8%E7%89%87/data=!4m7!3m6!1s0x3467e67f13ca7807:0x72e275f402cbc418!8m2!3d24.6797747!4d121.7688573!16s%2Fg%2F11b7tx3gk4!19sChIJB3jKE3_mZzQRGMTLAvR14nI?authuser=0&hl=zh-TW&rclk=1,265宜蘭縣羅東鎮林森路100號,星期二、休息; 星期三、11:00 到 18:00; 星期四、11:00 到 18:00; 星期五、11:00 到 18:00; 星期六、11:00 到 18:00; 星期日、11:00 到 18:00; 星期一、11:00 到 18:00. 隱藏本週營業時間
智捷咖啡館,5.0,35,https://www.google.com.tw/maps/place/%E6%99%BA%E6%8D%B7%E5%92%96%E5%95%A1%E9%A4%A8/data=!4m7!3m6!1s0x3467e599ae9fe8bb:0x3c4c6b81982e1fa5!8m2!3d24.7284859!4d121.7336222!16s%2Fg%2F11rwrd_h_j!19sChIJu-ifrpnlZzQRpR8umIFrTDw?authuser=0&hl=zh-TW&rclk=1,,
《員山美食推薦港式料理》太平山下史忽仔Coffee港式奶茶檸檬茶鮮蝦雲吞雙層起司牛漢堡包私廚午餐炆豬肉,4.8,116,https://www.google.com.tw/maps/place/%E3%80%8A%E5%93%A1%E5%B1%B1%E7%BE%8E%E9%A3%9F%E6%8E%A8%E8%96%A6%E6%B8%AF%E5%BC%8F%E6%96%99%E7%90%86%E3%80%8B%E5%A4%AA%E5%B9%B3%E5%B1%B1%E4%B8%8B%E5%8F%B2%E5%BF%BD%E4%BB%94Coffee%E6%B8%AF%E5%BC%8F%E5%A5%B6%E8%8C%B6%E6%AA%B8%E6%AA%AC%E8%8C%B6%E9%AE%AE%E8%9D%A6%E9%9B%B2%E5%90%9E%E9%9B%99%E5%B1%A4%E8%B5%B7%E5%8F%B8%E7%89%9B%E6%BC%A2%E5%A0%A1%E5%8C%85%E7%A7%81%E5%BB%9A%E5%8D%88%E9%A4%90%E7%82%86%E8%B1%AC%E8%82%89/data=!4m7!3m6!1s0x3467e53a32b8e9a9:0x1a4bb4c1eee2eddc!8m2!3d24.715001!4d121.731263!16s%2Fg%2F11sz9620_2!19sChIJqem4MjrlZzQR3O3i7sG0Sxo?authuser=0&hl=zh-TW&rclk=1,264宜蘭縣員山鄉七賢路261號1 樓,星期二、休息; 星期三、休息; 星期四、休息; 星期五、11:00 到 16:30; 星期六、11:00 到 16:30; 星期日、13:00 到 16:30; 星期一、休息. 隱藏本週營業時間
九號製造所 NO.9 Dream Workshop,4.7,639,https://www.google.com.tw/maps/place/%E4%B9%9D%E8%99%9F%E8%A3%BD%E9%80%A0%E6%89%80+NO.9+Dream+Workshop/data=!4m7!3m6!1s0x3467e55d5bee920f:0x2f52f7e31dd6fb40!8m2!3d24.6938473!4d121.7725823!16s%2Fg%2F11h5l2zl9k!19sChIJD5LuW13lZzQRQPvWHeP3Ui8?authuser=0&hl=zh-TW&rclk=1,268宜蘭縣五結鄉中正路二段6-8號,星期二、10:00 到 18:00; 星期三、休息; 星期四、10:00 到 18:00; 星期五、10:00 到 18:00; 星期六、10:00 到 18:00; 星期日、10:00 到 18:00; 星期一、10:00 到 18:00. 隱藏本週營業時間
滿山望海,4.5,"14,146",https://www.google.com.tw/maps/place/%E6%BB%BF%E5%B1%B1%E6%9C%9B%E6%B5%B7/data=!4m7!3m6!1s0x3467f7de6646d197:0x565d3c6d79c4ae1f!8m2!3d24.8547641!4d121.8313425!16s%2Fg%2F11jwzrs8c6!19sChIJl9FGZt73ZzQRH67EeW08XVY?authuser=0&hl=zh-TW&rclk=1,261宜蘭縣頭城鎮大坑路211號,星期二、11:00 到 17:30; 星期三、11:00 到 17:30; 星期四、休息; 星期五、11:00 到 17:30; 星期六、10:00 到 18:00; 星期日、10:00 到 18:00; 星期一、11:00 到 17:30. 隱藏本週營業時間
鬥伙駅-大洲車站 咖啡/甜點/鹹食/策展/文化走讀/共享空間/市集/寵物友善(營業時間以臉書公告為主),4.8,160,https://www.google.com.tw/maps/place/%E9%AC%A5%E4%BC%99%E9%A7%85-%E5%A4%A7%E6%B4%B2%E8%BB%8A%E7%AB%99+%E5%92%96%E5%95%A1%2F%E7%94%9C%E9%BB%9E%2F%E9%B9%B9%E9%A3%9F%2F%E7%AD%96%E5%B1%95%2F%E6%96%87%E5%8C%96%E8%B5%B0%E8%AE%80%2F%E5%85%B1%E4%BA%AB%E7%A9%BA%E9%96%93%2F%E5%B8%82%E9%9B%86%2F%E5%AF%B5%E7%89%A9%E5%8F%8B%E5%96%84%28%E7%87%9F%E6%A5%AD%E6%99%82%E9%96%93%E4%BB%A5%E8%87%89%E6%9B%B8%E5%85%AC%E5%91%8A%E7%82%BA%E4%B8%BB%29/data=!4m7!3m6!1s0x3467e59f05968361:0xf7ea6dc9972dfffb!8m2!3d24.6923179!4d121.7303575!16s%2Fg%2F11k9gmncqy!19sChIJYYOWBZ_lZzQR-_8tl8lt6vc?authuser=0&hl=zh-TW&rclk=1,,星期二、11:00 到 18:00; 星期三、11:00 到 18:00; 星期四、休息; 星期五、休息; 星期六、11:00 到 19:30; 星期日、11:00 到 18:30; 星期一、11:00 到 18:00. 隱藏本週營業時間
貓咖飛 CatCafe(兒童年齡限制需四歲以上營業時間結束前45分鐘不接客）,4.8,524,https://www.google.com.tw/maps/place/%E8%B2%93%E5%92%96%E9%A3%9B+CatCafe%28%E5%85%92%E7%AB%A5%E5%B9%B4%E9%BD%A1%E9%99%90%E5%88%B6%E9%9C%80%E5%9B%9B%E6%AD%B2%E4%BB%A5%E4%B8%8A%E7%87%9F%E6%A5%AD%E6%99%82%E9%96%93%E7%B5%90%E6%9D%9F%E5%89%8D45%E5%88%86%E9%90%98%E4%B8%8D%E6%8E%A5%E5%AE%A2%EF%BC%89/data=!4m7!3m6!1s0x3467e684036e24f3:0x159672b78d063bc1!8m2!3d24.6779313!4d121.7592898!16s%2Fg%2F11clyt21sh!19sChIJ8yRuA4TmZzQRwTsGjbdylhU?authuser=0&hl=zh-TW&rclk=1,265宜蘭縣羅東鎮光華街12-4號,星期二、12:00 到 17:00; 星期三、12:00 到 17:00; 星期四、12:00 到 17:00; 星期五、12:00 到 17:00; 星期六、12:00 到 18:00; 星期日、12:00 到 18:00; 星期一、12:00 到 17:00. 隱藏本週營業時間
Riparo BD Coffee 咖啡/甜點/早午餐/手沖咖啡/寵物友善,4.8,343,https://www.google.com.tw/maps/place/Riparo+BD+Coffee+%E5%92%96%E5%95%A1%2F%E7%94%9C%E9%BB%9E%2F%E6%97%A9%E5%8D%88%E9%A4%90%2F%E6%89%8B%E6%B2%96%E5%92%96%E5%95%A1%2F%E5%AF%B5%E7%89%A9%E5%8F%8B%E5%96%84/data=!4m7!3m6!1s0x3467e59e6f5f8045:0xd2b7dce6b76ba5a1!8m2!3d24.7574957!4d121.7546365!16s%2Fg%2F11jjrskgf7!19sChIJRYBfb57lZzQRoaVrt-bct9I?authuser=0&hl=zh-TW&rclk=1,260宜蘭縣宜蘭市新民路138-2號,星期二、10:00 到 18:00; 星期三、10:00 到 18:00; 星期四、休息; 星期五、10:00 到 18:00; 星期六、09:00 到 18:00; 星期日、09:00 到 18:00; 星期一、10:00 到 18:00. 隱藏本週營業時間
淺草咖啡,4.5,157,https://www.google.com.tw/maps/place/%E6%B7%BA%E8%8D%89%E5%92%96%E5%95%A1/data=!4m7!3m6!1s0x3467e57cb33133f7:0xc9c8cb63848c6295!8m2!3d24.6835667!4d121.760212!16s%2Fg%2F11lfh6rc__!19sChIJ9zMxs3zlZzQRlWKMhGPLyMk?authuser=0&hl=zh-TW&rclk=1,265宜蘭縣羅東鎮豐年路119巷4弄30號,星期二、11:00 到 14:00、17:00 到 20:00; 星期三、11:00 到 14:00、17:00 到 20:00; 星期四、11:00 到 14:00、17:00 到 20:00; 星期五、11:00 到 14:00、17:00 到 20:00; 星期六、11:00 到 14:00、17:00 到 20:00; 星期日、11:00 到 14:00、17:00 到 20:00; 星期一、11:00 到 14:00、17:00 到 20:00. 隱藏本週營業時間
老司G Tea&Coffee -冬山人氣咖啡廳|網美下午茶|必去咖啡廳|打卡美食|親子餐廳|熱門咖啡廳|必吃義大利麵|夏季火鍋|簡餐小火鍋,4.9,740,https://www.google.com.tw/maps/place/%E8%80%81%E5%8F%B8G+Tea%26Coffee+-%E5%86%AC%E5%B1%B1%E4%BA%BA%E6%B0%A3%E5%92%96%E5%95%A1%E5%BB%B3%7C%E7%B6%B2%E7%BE%8E%E4%B8%8B%E5%8D%88%E8%8C%B6%7C%E5%BF%85%E5%8E%BB%E5%92%96%E5%95%A1%E5%BB%B3%7C%E6%89%93%E5%8D%A1%E7%BE%8E%E9%A3%9F%7C%E8%A6%AA%E5%AD%90%E9%A4%90%E5%BB%B3%7C%E7%86%B1%E9%96%80%E5%92%96%E5%95%A1%E5%BB%B3%7C%E5%BF%85%E5%90%83%E7%BE%A9%E5%A4%A7%E5%88%A9%E9%BA%B5%7C%E5%A4%8F%E5%AD%A3%E7%81%AB%E9%8D%8B%7C%E7%B0%A1%E9%A4%90%E5%B0%8F%E7%81%AB%E9%8D%8B/data=!4m7!3m6!1s0x3467e7cc34325ef7:0x25cc656ea222e675!8m2!3d24.6636562!4d121.7574989!16s%2Fg%2F11hz_tmhcd!19sChIJ914yNMznZzQRdeYiom5lzCU?authuser=0&hl=zh-TW&rclk=1,269宜蘭縣冬山鄉光明路344號,星期二、11:00 到 18:00; 星期三、11:00 到 18:00; 星期四、休息; 星期五、11:00 到 20:00; 星期六、11:00 到 20:00; 星期日、11:00 到 18:00; 星期一、休息. 隱藏本週營業時間
Amaze兔子迷宮~礁溪浴場,4.4,"3,156",https://www.google.com.tw/maps/place/Amaze%E5%85%94%E5%AD%90%E8%BF%B7%E5%AE%AE~%E7%A4%81%E6%BA%AA%E6%B5%B4%E5%A0%B4/data=!4m7!3m6!1s0x3467fbb2e77276b3:0x12b14555f1c9d1fb!8m2!3d24.8213649!4d121.7533282!16s%2Fg%2F11fkn9fl0w!19sChIJs3Zy57L7ZzQR-9HJ8VVFsRI?authuser=0&hl=zh-TW&rclk=1,262宜蘭縣礁溪鄉林尾路42-9號,星期二、休息; 星期三、休息; 星期四、10:00 到 19:00; 星期五、10:00 到 19:00; 星期六、10:00 到 19:00; 星期日、10:00 到 19:00; 星期一、10:00 到 19:00. 隱藏本週營業時間
珈琲煎焙所 喜代志,4.8,124,https://www.google.com.tw/maps/place/%E7%8F%88%E7%90%B2%E7%85%8E%E7%84%99%E6%89%80+%E5%96%9C%E4%BB%A3%E5%BF%97/data=!4m7!3m6!1s0x3467e59c434f63ad:0x21c3fae52e927e8f!8m2!3d24.6937099!4d121.7407534!16s%2Fg%2F11qgb8jvgq!19sChIJrWNPQ5zlZzQRj36SLuX6wyE?authuser=0&hl=zh-TW&rclk=1,266宜蘭縣三星鄉尾塹一路105號安農北路一段側,星期二、13:00 到 19:00; 星期三、13:00 到 19:00; 星期四、13:00 到 19:00; 星期五、13:00 到 19:00; 星期六、13:00 到 19:00; 星期日、13:00 到 19:00; 星期一、13:00 到 19:00. 隱藏本週營業時間
海洋20M海景咖啡館,4.4,"1,003",https://www.google.com.tw/maps/place/%E6%B5%B7%E6%B4%8B20M%E6%B5%B7%E6%99%AF%E5%92%96%E5%95%A1%E9%A4%A8/data=!4m7!3m6!1s0x3467e9db930070e1:0x53df3bf2665fd1c8!8m2!3d24.5790336!4d121.8724712!16s%2Fg%2F1tr79jyy!19sChIJ4XAAk9vpZzQRyNFfZvI731M?authuser=0&hl=zh-TW&rclk=1,,
蘭陽溪口親子餐廳,4.7,"1,975",https://www.google.com.tw/maps/place/%E8%98%AD%E9%99%BD%E6%BA%AA%E5%8F%A3%E8%A6%AA%E5%AD%90%E9%A4%90%E5%BB%B3/data=!4m7!3m6!1s0x3467ef738a0e70d7:0xbf4309ad21363b53!8m2!3d24.7046032!4d121.8286077!16s%2Fg%2F11g6wd5y4h!19sChIJ13AOinPvZzQRUzs2Ia0JQ78?authuser=0&hl=zh-TW&rclk=1,268宜蘭縣五結鄉溪濱路一段133號,星期二、休息; 星期三、11:30 到 20:00; 星期四、11:30 到 20:00; 星期五、11:30 到 20:00; 星期六、11:00 到 20:00; 星期日、11:00 到 20:00; 星期一、11:30 到 20:00. 隱藏本週營業時間
微笑海龜咖啡館,4.6,468,https://www.google.com.tw/maps/place/%E5%BE%AE%E7%AC%91%E6%B5%B7%E9%BE%9C%E5%92%96%E5%95%A1%E9%A4%A8/data=!4m7!3m6!1s0x3467e6817deed37b:0x25539bdaa8644b6e!8m2!3d24.6805114!4d121.7602767!16s%2Fg%2F11cs17nn9g!19sChIJe9PufYHmZzQRbktkqNqbUyU?authuser=0&hl=zh-TW&rclk=1,,
微赫茲水素水咖啡館,5.0,25,https://www.google.com.tw/maps/place/%E5%BE%AE%E8%B5%AB%E8%8C%B2%E6%B0%B4%E7%B4%A0%E6%B0%B4%E5%92%96%E5%95%A1%E9%A4%A8/data=!4m7!3m6!1s0x3467e7554041841b:0xbec30b03df81ee36!8m2!3d24.6670729!4d121.7495079!16s%2Fg%2F11q3n32yws!19sChIJG4RBQFXnZzQRNu6B3wMLw74?authuser=0&hl=zh-TW&rclk=1,269宜蘭縣冬山鄉永興路二段710號,星期二、11:06 到 18:28; 星期三、休息; 星期四、休息; 星期五、10:30 到 20:30; 星期六、11:00 到 18:30; 星期日、休息; 星期一、10:30 到 18:30. 隱藏本週營業時間
鄧伯花廊咖啡,4.2,627,https://www.google.com.tw/maps/place/%E9%84%A7%E4%BC%AF%E8%8A%B1%E5%BB%8A%E5%92%96%E5%95%A1/data=!4m7!3m6!1s0x3467e3359f3d0f05:0x7cb07e2abb04881d!8m2!3d24.781313!4d121.695296!16s%2Fg%2F1ptx3w9zc!19sChIJBQ89nzXjZzQRHYgEuyp-sHw?authuser=0&hl=zh-TW&rclk=1,264宜蘭縣員山鄉坡城路69-20號,星期二、08:00 到 17:00; 星期三、休息; 星期四、08:00 到 17:00; 星期五、08:00 到 17:00; 星期六、08:00 到 17:00; 星期日、08:00 到 17:00; 星期一、08:00 到 17:00. 隱藏本週營業時間
吉他好事鍋煮奶茶專門/熱巧克力專門,4.8,242,https://www.google.com.tw/maps/place/%E5%90%89%E4%BB%96%E5%A5%BD%E4%BA%8B%E9%8D%8B%E7%85%AE%E5%A5%B6%E8%8C%B6%E5%B0%88%E9%96%80%2F%E7%86%B1%E5%B7%A7%E5%85%8B%E5%8A%9B%E5%B0%88%E9%96%80/data=!4m7!3m6!1s0x3467e67f09fc821b:0xde5e87bf46c37851!8m2!3d24.679881!4d121.768007!16s%2Fg%2F11c6f14sf9!19sChIJG4L8CX_mZzQRUXjDRr-HXt4?authuser=0&hl=zh-TW&rclk=1,265宜蘭縣羅東鎮林森路123號1樓,星期二、休息; 星期三、休息; 星期四、14:00 到 20:00; 星期五、14:00 到 20:00; 星期六、14:00 到 20:00; 星期日、14:00 到 20:00; 星期一、14:00 到 20:00. 隱藏本週營業時間
書啡（自家烘焙·手作咖啡）(無販售單杯),4.9,83,https://www.google.com.tw/maps/place/%E6%9B%B8%E5%95%A1%EF%BC%88%E8%87%AA%E5%AE%B6%E7%83%98%E7%84%99%C2%B7%E6%89%8B%E4%BD%9C%E5%92%96%E5%95%A1%EF%BC%89%28%E7%84%A1%E8%B2%A9%E5%94%AE%E5%96%AE%E6%9D%AF%29/data=!4m7!3m6!1s0x3467e15326211519:0x7caac756436da618!8m2!3d24.6854457!4d121.7179107!16s%2Fg%2F11f_j2_1hn!19sChIJGRUhJlPhZzQRGKZtQ1bHqnw?authuser=0&hl=zh-TW&rclk=1,266宜蘭縣三星鄉五分路三段57號,星期二、14:00 到 17:00; 星期三、14:00 到 17:00; 星期四、14:00 到 17:00; 星期五、14:00 到 17:00; 星期六、14:00 到 17:00; 星期日、14:00 到 17:00; 星期一、14:00 到 17:00. 隱藏本週營業時間
宜客咖啡 Eileen&Kevin Coffee+住宿-義式咖啡.手沖咖啡/鮮奶茶.花茶.氣泡飲/小火鍋.義大利麵/奶昔.鬆餅.炸物.蛋糕/Line=@125boxn,4.6,156,https://www.google.com.tw/maps/place/%E5%AE%9C%E5%AE%A2%E5%92%96%E5%95%A1+Eileen%26Kevin+Coffee%2B%E4%BD%8F%E5%AE%BF-%E7%BE%A9%E5%BC%8F%E5%92%96%E5%95%A1.%E6%89%8B%E6%B2%96%E5%92%96%E5%95%A1%2F%E9%AE%AE%E5%A5%B6%E8%8C%B6.%E8%8A%B1%E8%8C%B6.%E6%B0%A3%E6%B3%A1%E9%A3%B2%2F%E5%B0%8F%E7%81%AB%E9%8D%8B.%E7%BE%A9%E5%A4%A7%E5%88%A9%E9%BA%B5%2F%E5%A5%B6%E6%98%94.%E9%AC%86%E9%A4%85.%E7%82%B8%E7%89%A9.%E8%9B%8B%E7%B3%95%2FLine%3D@125boxn/data=!4m7!3m6!1s0x3467e309f3b5ae1b:0xdebff9ab268f18b8!8m2!3d24.7590086!4d121.7158955!16s%2Fg%2F11h6yr95y6!19sChIJG6618wnjZzQRuBiPJqv5v94?authuser=0&hl=zh-TW&rclk=1,26447宜蘭縣員山鄉永廣路69之7號,星期二、11:00 到 21:00; 星期三、11:00 到 21:00; 星期四、11:00 到 21:00; 星期五、11:00 到 21:00; 星期六、11:00 到 21:00; 星期日、11:00 到 21:00; 星期一、休息. 隱藏本週營業時間
空ㄟ農場（請搭乘接駁車，勿自行開/騎車上山）,4.4,"6,611",https://www.google.com.tw/maps/place/%E7%A9%BA%E3%84%9F%E8%BE%B2%E5%A0%B4%EF%BC%88%E8%AB%8B%E6%90%AD%E4%B9%98%E6%8E%A5%E9%A7%81%E8%BB%8A%EF%BC%8C%E5%8B%BF%E8%87%AA%E8%A1%8C%E9%96%8B%2F%E9%A8%8E%E8%BB%8A%E4%B8%8A%E5%B1%B1%EF%BC%89/data=!4m7!3m6!1s0x3467fb2f539ccb59:0x814288fb10efdec2!8m2!3d24.8381491!4d121.7757004!16s%2Fg%2F11h3pp37_t!19sChIJWcucUy_7ZzQRwt7vEPuIQoE?authuser=0&hl=zh-TW&rclk=1,262宜蘭縣礁溪鄉白石腳路157巷31號,星期二、15:00 到 23:00; 星期三、15:00 到 23:00; 星期四、15:00 到 23:00; 星期五、15:00 到 23:00; 星期六、15:00 到 00:00; 星期日、15:00 到 00:00; 星期一、15:00 到 23:00. 隱藏本週營業時間
雙樹咖啡,4.4,530,https://www.google.com.tw/maps/place/%E9%9B%99%E6%A8%B9%E5%92%96%E5%95%A1/data=!4m7!3m6!1s0x3467e6f6c28f2e01:0x259ce01c50725cd4!8m2!3d24.673699!4d121.7605295!16s%2Fg%2F1tzggcvl!19sChIJAS6PwvbmZzQR1FxyUBzgnCU?authuser=0&hl=zh-TW&rclk=1,,
CAFÉ SoDavid 單品 手沖熱咖啡 Roast:cinnamon,4.8,163,https://www.google.com.tw/maps/place/CAF%C3%89+SoDavid+%E5%96%AE%E5%93%81+%E6%89%8B%E6%B2%96%E7%86%B1%E5%92%96%E5%95%A1+Roast:cinnamon/data=!4m7!3m6!1s0x3467e5d40d1bf26f:0xd37389a4a874df8!8m2!3d24.6859253!4d121.7695433!16s%2Fg%2F11g5zymswj!19sChIJb_IbDdTlZzQR-E2HSpo4Nw0?authuser=0&hl=zh-TW&rclk=1,255宜蘭縣羅東鎮中華路255號26541 Lotung,星期二、14:00 到 19:00; 星期三、14:00 到 19:00; 星期四、14:00 到 19:00; 星期五、14:00 到 19:00; 星期六、14:00 到 19:00; 星期日、休息; 星期一、休息. 隱藏本週營業時間
霖山餐坊SoOld Café｜90年老宅咖啡廳｜定食鍋物套餐｜下午茶,4.5,176,https://www.google.com.tw/maps/place/%E9%9C%96%E5%B1%B1%E9%A4%90%E5%9D%8ASoOld+Caf%C3%A9%EF%BD%9C90%E5%B9%B4%E8%80%81%E5%AE%85%E5%92%96%E5%95%A1%E5%BB%B3%EF%BD%9C%E5%AE%9A%E9%A3%9F%E9%8D%8B%E7%89%A9%E5%A5%97%E9%A4%90%EF%BD%9C%E4%B8%8B%E5%8D%88%E8%8C%B6/data=!4m7!3m6!1s0x3467e96b9cbae813:0x2793b39eae02e24!8m2!3d24.6063813!4d121.8264349!16s%2Fg%2F11rcv8rkc6!19sChIJE-i6nGvpZzQRJC7g6jk7eQI?authuser=0&hl=zh-TW&rclk=1,270013宜蘭縣蘇澳鎮中山路二段181巷29號,星期二、12:00 到 20:00; 星期三、12:00 到 20:00; 星期四、休息; 星期五、12:00 到 20:00; 星期六、12:00 到 20:00; 星期日、12:00 到 20:00; 星期一、12:00 到 20:00. 隱藏本週營業時間
馨淼甜品_經典麵食 下午茶 手作甜點,4.9,68,https://www.google.com.tw/maps/place/%E9%A6%A8%E6%B7%BC%E7%94%9C%E5%93%81_%E7%B6%93%E5%85%B8%E9%BA%B5%E9%A3%9F+%E4%B8%8B%E5%8D%88%E8%8C%B6+%E6%89%8B%E4%BD%9C%E7%94%9C%E9%BB%9E/data=!4m7!3m6!1s0x3467e7970e191a05:0xf60bcc0d627a569c!8m2!3d24.6735223!4d121.7593495!16s%2Fg%2F11k54bndvh!19sChIJBRoZDpfnZzQRnFZ6Yg3MC_Y?authuser=0&hl=zh-TW&rclk=1,265宜蘭縣羅東鎮敬業路4號,星期二、休息; 星期三、09:30 到 16:30、17:00 到 18:00; 星期四、09:30 到 16:30、17:00 到 18:00; 星期五、09:30 到 18:00; 星期六、09:30 到 18:00; 星期日、09:30 到 18:00; 星期一、09:30 到 16:30、17:00 到 18:00. 隱藏本週營業時間
悠空間咖啡,4.7,91,https://www.google.com.tw/maps/place/%E6%82%A0%E7%A9%BA%E9%96%93%E5%92%96%E5%95%A1/data=!4m7!3m6!1s0x3467e7ad9630329d:0x967da98be7b1af07!8m2!3d24.6765358!4d121.7657814!16s%2Fg%2F11h8c3_bmf!19sChIJnTIwlq3nZzQRB6-x54upfZY?authuser=0&hl=zh-TW&rclk=1,265宜蘭縣羅東鎮民權路195號,星期二、09:00 到 17:00; 星期三、09:00 到 17:00; 星期四、休息; 星期五、09:00 到 17:00; 星期六、09:00 到 17:00; 星期日、09:00 到 17:00; 星期一、09:00 到 17:00. 隱藏本週營業時間
地熱小姐（宜蘭店）,4.7,156,https://www.google.com.tw/maps/place/%E5%9C%B0%E7%86%B1%E5%B0%8F%E5%A7%90%EF%BC%88%E5%AE%9C%E8%98%AD%E5%BA%97%EF%BC%89/data=!4m7!3m6!1s0x3467e5022b3c8f49:0x5138a90723277227!8m2!3d24.7484821!4d121.764785!16s%2Fg%2F11rqyyh5jd!19sChIJSY88KwLlZzQRJ3InIwepOFE?authuser=0&hl=zh-TW&rclk=1,260宜蘭縣宜蘭市女中路一段206號,星期二、休息; 星期三、休息; 星期四、12:30 到 18:30; 星期五、12:30 到 18:30; 星期六、12:30 到 18:30; 星期日、12:30 到 18:30; 星期一、12:30 到 18:30. 隱藏本週營業時間
鹿咖啡工坊 咖啡外帶店（附設簡易座位）,4.5,207,https://www.google.com.tw/maps/place/%E9%B9%BF%E5%92%96%E5%95%A1%E5%B7%A5%E5%9D%8A+%E5%92%96%E5%95%A1%E5%A4%96%E5%B8%B6%E5%BA%97%EF%BC%88%E9%99%84%E8%A8%AD%E7%B0%A1%E6%98%93%E5%BA%A7%E4%BD%8D%EF%BC%89/data=!4m7!3m6!1s0x3467e67f0e96d0c1:0x6b22c4169f1d5ad1!8m2!3d24.6730406!4d121.7651965!16s%2Fg%2F11dyn4165f!19sChIJwdCWDn_mZzQR0VodnxbEIms?authuser=0&hl=zh-TW&rclk=1,265宜蘭縣羅東鎮南門路148號,星期二、07:30 到 15:30; 星期三、07:30 到 15:30; 星期四、07:30 到 10:30、13:00 到 15:30; 星期五、07:30 到 15:30; 星期六、09:00 到 15:00; 星期日、休息; 星期一、07:30 到 15:30. 隱藏本週營業時間
美美子みみこ homemade cake（無訂位服務）,4.5,709,https://www.google.com.tw/maps/place/%E7%BE%8E%E7%BE%8E%E5%AD%90%E3%81%BF%E3%81%BF%E3%81%93+homemade+cake%EF%BC%88%E7%84%A1%E8%A8%82%E4%BD%8D%E6%9C%8D%E5%8B%99%EF%BC%89/data=!4m7!3m6!1s0x3467e68fa0ee7883:0x951f6bff9f5f070d!8m2!3d24.6718936!4d121.7648091!16s%2Fg%2F11f1wq6n4x!19sChIJg3juoI_mZzQRDQdfn_9rH5U?authuser=0&hl=zh-TW&rclk=1,,
對的咖啡學遊工場| 咖啡豆專賣 | 咖啡課程｜咖啡館 |場地租借｜咖啡DIY體驗 |咖啡烘焙工場 |素食輕甜點（沒有賣漢堡）,4.4,226,https://www.google.com.tw/maps/place/%E5%B0%8D%E7%9A%84%E5%92%96%E5%95%A1%E5%AD%B8%E9%81%8A%E5%B7%A5%E5%A0%B4%7C+%E5%92%96%E5%95%A1%E8%B1%86%E5%B0%88%E8%B3%A3+%7C+%E5%92%96%E5%95%A1%E8%AA%B2%E7%A8%8B%EF%BD%9C%E5%92%96%E5%95%A1%E9%A4%A8+%7C%E5%A0%B4%E5%9C%B0%E7%A7%9F%E5%80%9F%EF%BD%9C%E5%92%96%E5%95%A1DIY%E9%AB%94%E9%A9%97+%7C%E5%92%96%E5%95%A1%E7%83%98%E7%84%99%E5%B7%A5%E5%A0%B4+%7C%E7%B4%A0%E9%A3%9F%E8%BC%95%E7%94%9C%E9%BB%9E%EF%BC%88%E6%B2%92%E6%9C%89%E8%B3%A3%E6%BC%A2%E5%A0%A1%EF%BC%89/data=!4m7!3m6!1s0x3467e53b916274fd:0xcda37d0c6319d202!8m2!3d24.7482056!4d121.7805961!16s%2Fg%2F11c6_zglhp!19sChIJ_XRikTvlZzQRAtIZYwx9o80?authuser=0&hl=zh-TW&rclk=1,260宜蘭縣宜蘭市東港路一段247號,星期二、09:30 到 18:00; 星期三、09:30 到 18:00; 星期四、09:30 到 18:00; 星期五、09:30 到 18:00; 星期六、09:30 到 18:00; 星期日、09:30 到 18:00; 星期一、09:30 到 18:00. 隱藏本週營業時間
